"OSrXXb","rllt__details","yi40Hd","RDApEe","rllt__details 2","rllt__details 3","rllt__details 4","rllt__details 5","uDyWh","yYlJEf href","BSaJxc","yYlJEf href 2","UbRuwe"
"IndianOil Total Pvt. Ltd. (ITPL)","· Oil & natural gas company","4.9","(44)","Mumbai, Maharashtra","· 022 6907 7400","⋅ 7 pm","Closes soon","""It’s working for the inclusive growth of India""","https://itpl.net/","Website","https://www.google.com/maps/dir//IndianOil+Total+Pvt.+Ltd.+(ITPL),+Msc+House+Gala+Impecca,+3rd,+Andheri+-+Kurla+Rd,+J+B+Nagar,+Andheri+East,+Mumbai,+Maharashtra+400059/data=!4m6!4m5!1m1!4e2!1m2!1m1!1s0x3be7c9778f1825d7:0xfb81bd785dbcac98?sa=X&ved=1t:57443&ictx=111","Directions"
"UNICORN PETROLEUM INDUSTRIES PVT. LIMITED.","· Oil & natural gas company","4.5","(10)","Mumbai, Maharashtra","· 022 4232 4122","⋅ Closes 7:30 pm","Open","","http://unicornpetro.co.in/","Website","https://www.google.com/maps/dir//Unit+no.+1,+UNICORN+PETROLEUM+INDUSTRIES+PVT.+LIMITED.,+Riddhi+Siddhi,+CORPORATE+PARK,+Sion+-+Trombay+Rd,+Chembur,+Mumbai,+Maharashtra+400071/data=!4m6!4m5!1m1!4e2!1m2!1m1!1s0x3be7c8a4dc1f2349:0xb8521a0cedb54cd4?sa=X&ved=1t:57443&ictx=111","Directions"
"Petrofac Engineering India Pvt Ltd","· Oil & natural gas company","4.4","(182)","Mumbai, Maharashtra","· 022 3051 3100","⋅ Opens 8:30 am Mon","Closed","""Involved in oil refinery businesses""","http://www.petrofac.com/","Website","https://www.google.com/maps/dir//7th+Floor,+Petrofac+Engineering+India+Pvt+Ltd,+Hiranandani+Business+Park,+Ventura+Central+Avenue,+Hiranandani+Gardens,+Powai,+Mumbai,+Maharashtra+400076/data=!4m6!4m5!1m1!4e2!1m2!1m1!1s0x3be7c7e56cadd98b:0x3d3ff1372d634ab?sa=X&ved=1t:57443&ictx=111","Directions"
"OCS Services (India) Pvt. Ltd.","· Oil & natural gas company","4.3","(139)","Mumbai, Maharashtra","· 022 6640 9000","⋅ Opens 9 am Mon","Closed","""One of the best office for offshore and onshore rig""","https://www.ocs.services/","Website","https://www.google.com/maps/dir//II,+645,+OCS+Services+(India)+Pvt.+Ltd.,+Oberoi+Chambers,+407-411,+Off+New+Link+Rd,+Andheri+West,+Mumbai,+Maharashtra+400053/data=!4m6!4m5!1m1!4e2!1m2!1m1!1s0x3be7b62344fac221:0x4af4cffc3cba5b82?sa=X&ved=1t:57443&ictx=111","Directions"
"Tashkent Oil Company Pvt. Ltd","· Oil & natural gas company","4.1","(7)","Vadodara, Gujarat","· 0265 234 1514","⋅ 6:30 pm","Closes soon","","http://www.tashoil.com/","Website","https://www.google.com/maps/dir//Tashkent+Oil+Company+Pvt.+Ltd,+Alkapuri+Arcade,+A-301,+RC+Dutt+Rd,+Alkapuri,+Vadodara,+Gujarat+390007/data=!4m6!4m5!1m1!4e2!1m2!1m1!1s0x395fc8bb1df329a1:0xebcfd9a1dc3ca198?sa=X&ved=1t:57443&ictx=111","Directions"
"Lubrizol India Private Limited","· Oil & natural gas company","4.3","(107)","Navi Mumbai, Maharashtra","· 022 2430 0672","⋅ Opens 9 am Sat","Closed","""One of the Big oil sector plant in navi mumbai Area.""","https://www.lubrizol.com/","Website","https://www.google.com/maps/dir//32FG%2B75F+Lubrizol+India+Private+Limited,+S+Central+Rd,+Turbhe+MIDC,+Turbhe,+Navi+Mumbai,+Maharashtra+400703/data=!4m6!4m5!1m1!4e2!1m2!1m1!1s0x3be7c16c55f9bd55:0x8591c0dc054c3648?sa=X&ved=1t:57443&ictx=111","Directions"
"Abhitech Energycon Limited","· Oil & natural gas company","4.8","(24)","Mumbai, Maharashtra","· 022 2857 0616","⋅ 6:30 pm","Closes soon","","http://www.abhitechenergycon.com/","Website","https://www.google.com/maps/dir//Abhitech+Energycon+Limited,+Oberoi+Garden+Estate,+A+%2F1020,+Chandivali+Farm+Rd,+next+to+Boomerang,+Chandivali,+Andheri+East,+Mumbai,+Maharashtra+400072/data=!4m6!4m5!1m1!4e2!1m2!1m1!1s0x3be7cf21727d5445:0x2a3daca39ba3127c?sa=X&ved=1t:57443&ictx=111","Directions"
"Taurus Petroleums Private Limited","· Oil & natural gas company","3.7","(3)","Mumbai, Maharashtra","· 080 4325 7057","⋅ 6:30 pm","Closes soon","","https://tauruspetroleums.com/","Website","https://www.google.com/maps/dir//13th+Floor.+Office,+Taurus+Petroleums+Private+Limited,+Panchratna+Building,+No:+1303,+Mama+Paramanand+Marg,+Opera+House,+Mumbai,+Maharashtra+400004/data=!4m6!4m5!1m1!4e2!1m2!1m1!1s0x3be7cebe52a30031:0xd5310a9646428458?sa=X&ved=1t:57443&ictx=111","Directions"
"Gandhar Oil Refinery India Ltd","· Oil refinery","4.5","(43)","Mumbai, Maharashtra","· 022 4063 5600","⋅ Opens 9:30 am Sat","Closed","""Divyol Disol SXV has been the best engine oil for my vehicle so far.""","http://www.gandharoil.com/","Website","https://www.google.com/maps/dir//18th+Floor,+Gandhar+Oil+Refinery+India+Ltd,+Dlh+Park,+Swami+Vivekananda+Rd,+opp.+MTNL,+Goregaon+West,+Mumbai,+Maharashtra+400062/data=!4m6!4m5!1m1!4e2!1m2!1m1!1s0x3be7b7b955555555:0xc59093d6071e36da?sa=X&ved=1t:57443&ictx=111","Directions"
"Kolt Oilfield Services","· Oil & natural gas company","4.4","(33)","Mumbai, Maharashtra","","⋅ Opens 8:30 am Mon","Closed","","http://koltoilfield.com/","Website","https://www.google.com/maps/dir//Kolt+Oilfield+Services,+Unit+No+215,+Wing+A+(H),+Kailash+Business+Park,+Veer+Savarkar+Road,+Park+Site+Rd,+Vikhroli+(W,+Mumbai,+Maharashtra+400079/data=!4m6!4m5!1m1!4e2!1m2!1m1!1s0x3be7d1ebea5a479f:0x9d12a993ee9717a5?sa=X&ved=1t:57443&ictx=111","Directions"
"Oilmax Energy","· Oil & natural gas company","3.4","(20)","Signal, Mumbai, Maharashtra","022 4244 1100","","","","http://oilmax.in/","Website","https://www.google.com/maps/dir//Oilmax+Energy,+Runwal+%26+Omkar+Esquare,+3-A,+Eastern+Express+Hwy,+Chunabhatti,+Sion,+Signal,+Mumbai,+Maharashtra+400022/data=!4m6!4m5!1m1!4e2!1m2!1m1!1s0x3be7c7837f2bbe89:0xe35d38c849cd95c8?sa=X&ved=1t:57443&ictx=111","Directions"
"Askara Group","· Oil & natural gas company","4.4","(16)","Mumbai, Maharashtra","· 022 4188 8500","⋅ Opens 10 am Mon","Closed","","https://askaragroup.com/","Website","https://www.google.com/maps/dir//332,+Askara+Group,+Ambaji+Sadan,+E,+Nanda+Patkar+Rd,+near+Telephone+Exchange,+Vile+Parle,+Mumbai,+Maharashtra+400057/data=!4m6!4m5!1m1!4e2!1m2!1m1!1s0x3be7c9b281178015:0xd1a2ceedb3dafe18?sa=X&ved=1t:57443&ictx=111","Directions"
"Das Offshore Limited","· Oil & natural gas company","4.1","(299)","Navi Mumbai, Maharashtra","· 022 6760 6760","⋅ Opens 9 am Mon","Closed","""देश मेरा, तेल मेरा, गॅस मेरा...""","https://www.dasoffshore.com/","Website","https://www.google.com/maps/dir//Das+Offshore+Limited,+F-3,+Sagar+Uday,+Agroli,+Sector+29,+CBD+Belapur,+Navi+Mumbai,+Maharashtra+400614/data=!4m6!4m5!1m1!4e2!1m2!1m1!1s0x3be7c3b26ca1ac67:0x7ab8b31cf4cfd5a4?sa=X&ved=1t:57443&ictx=111","Directions"
"Spectrum Offshore & Onshore Services Private Limited","· Oil & natural gas company","5.0","(3)","Navi Mumbai, Maharashtra","· 022 2783 2744","⋅ 6:30 pm","Closes soon","","http://soopl.in/","Website","https://www.google.com/maps/dir//Spectrum+Offshore+%26+Onshore+Services+Private+Limited,+712,+Satra+Plaza,+Plot+No.+19+%26+20,+Sector+19D,+Palm+Beach+Road,+Vashi,+Navi+Mumbai,+Maharashtra+400703/data=!4m6!4m5!1m1!4e2!1m2!1m1!1s0x3be7c1373d6419c3:0x511ae7923eb574f1?sa=X&ved=1t:57443&ictx=111","Directions"
"SUVIRA ENERGY","· Oil & natural gas company","4.7","(99)","Mumbai, Maharashtra","· 022 2839 2907","","Temporarily closed","""Excellent  Service Provider""","","","",""
"Gulf Oil India Ltd","· Oil & natural gas company","4.0","(4)","Pune, Maharashtra","","","Temporarily closed","","","","https://www.google.com/maps/dir//Gulf+Oil+India+Ltd,+15,+Siddharth+Nagar,+Aundh,+Pune,+Maharashtra+411067/data=!4m6!4m5!1m1!4e2!1m2!1m1!1s0x3bc2bf3410000001:0x110c706e864da066?sa=X&ved=1t:57443&ictx=111","Directions"
"IOCL Indane Bottling Plant Manmad","· Oil & natural gas company","4.3","(46)","Dhotane Bk., Maharashtra","","⋅ Closes 10 pm","Open","""Excellent PLANT""","","","https://www.google.com/maps/dir//IOCL+Indane+Bottling+Plant+Manmad,+Dhotane+Bk.,+Maharashtra+423104/data=!4m6!4m5!1m1!4e2!1m2!1m1!1s0x3bdc240aae10f8ed:0xffc61c0fff187f72?sa=X&ved=1t:57443&ictx=111","Directions"
"Enpro Industries Pvt. Ltd Headquarters.","· Corporate office","4.8","(82)","Pune, Maharashtra","· 020 6631 3100","⋅ Opens 9 am Mon","Closed","""Superb Infrastructure and Enpro Family members are soooo cooperative""","https://www.enproindustries.in/","Website","https://www.google.com/maps/dir//Enpro+Industries+Pvt.+Ltd+Headquarters.,+A+17,+H+Block,+Pune,+Maharashtra+411018/data=!4m6!4m5!1m1!4e2!1m2!1m1!1s0x3bc2b849bf4eb72f:0xd6d5612f2f70b8ba?sa=X&ved=1t:57443&ictx=111","Directions"
"IGOPL Offshore Pvt Ltd","· Oil & natural gas company","4.2","(11)","Mumbai, Maharashtra","· 022 6120 4000","⋅ Opens 9:30 am Mon","Closed","","http://www.igopl.com/","Website","https://www.google.com/maps/dir//IGOPL+Offshore+Pvt+Ltd,+Floral+Deck+Plaza,+A-Wing,+6th+Floor,+Unit+Nos.603-606,+Central+Opp.,+Seepz+Rd+A,+Seepz,+Mumbai,+Maharashtra+400093/data=!4m6!4m5!1m1!4e2!1m2!1m1!1s0x3be7c823c282edef:0xcd89f29f7079a1ab?sa=X&ved=1t:57443&ictx=111","Directions"
"Oil And Natural Gas Corporation Limited","· Oil & natural gas company","4.3","(643)","Navi Mumbai, Maharashtra","022 2722 2802","","","""One of the best infrastructure for India oil and gas companies""","http://www.ongcindia.com/","Website","https://www.google.com/maps/dir//VW8H%2BWWG+Oil+And+Natural+Gas+Corporation+Limited,+Uran,+Navi+Mumbai,+Maharashtra+400702/data=!4m6!4m5!1m1!4e2!1m2!1m1!1s0x3be7da26c59d9b19:0x2767ed83f2d13cce?sa=X&ved=1t:57443&ictx=111","Directions"
"","","","","","","","","","","","",""
"","","","","","","","","","","","",""
"Nandan Petrochem Limited","· Oil & natural gas company","4.3","(26)","Mumbai, Maharashtra","· 022 4257 7200","⋅ 7 pm","Closes soon","","http://www.nandangroup.com/","Website","https://www.google.com/maps/dir//Nandan+Petrochem+Limited,+LOTUS+CORPORATE+PARK,+C-201,+Ram+Mandir+Rd,+off+Western+Express+Highway,+Goregaon,+Mumbai,+Maharashtra+400060/data=!4m6!4m5!1m1!4e2!1m2!1m1!1s0x3be7b7f5ee11dc85:0x503137c03fa4d548?sa=X&ved=1t:57443&ictx=111","Directions"
"Sanjay Soya Pvt Ltd","· Oil refinery","4.2","(20)","Awadhan, Maharashtra","","⋅ Closes 7 am Sat","Open","","","","https://www.google.com/maps/dir//VQ34%2B8J2+Sanjay+Soya+Pvt+Ltd,+Awadhan,+Maharashtra/data=!4m6!4m5!1m1!4e2!1m2!1m1!1s0x3bdec7929028da6f:0x96d1276196a0aba5?sa=X&ved=1t:57443&ictx=111","Directions"
"Shield Lubricants & Specialities Pvt. Ltd.","· Oil refinery","4.8","(26)","Navi Mumbai, Maharashtra","· 022 2758 2828","⋅ 6:30 pm","Closes soon","""Quality  packaging too.""","https://www.shieldlubricants.com/","Website","https://www.google.com/maps/dir//8th+Floor,+806-B,+Shield+Lubricants+%26+Specialities+Pvt.+Ltd.,+Shelton+Sapphire,+Plot+No.-+18-19,+Sector+15,+CBD+Belapur,+Navi+Mumbai,+Maharashtra+400614/data=!4m6!4m5!1m1!4e2!1m2!1m1!1s0x3be7c324026f5471:0x3f19885b45073f8a?sa=X&ved=1t:57443&ictx=111","Directions"
"NILSAN PRIME INDIA PVT. LTD.","· Oil field equipment supplier","4.9","(198)","Surat, Gujarat","· 095589 50038","⋅ 7 pm","Closes soon","""Ltd. is One of the Best of Homemade Oil Machine supplier in India.""","https://www.nilsanindia.com/","Website","https://www.google.com/maps/dir//504,+505,+NILSAN+PRIME+INDIA+PVT.+LTD.,+Meridian+Business+Center(MBC,+503,+Lajamni+Chowk,+Mota+Varachha,+Surat,+Gujarat+394101/data=!4m6!4m5!1m1!4e2!1m2!1m1!1s0x3be04f4e2bb77677:0xdd20957b4a9bf17b?sa=X&ved=1t:57443&ictx=111","Directions"
"Sun Petrochemicals Private Limited","· Corporate office","4.4","(28)","Mumbai, Maharashtra","· 022 6645 5703","⋅ 7 pm","Closes soon","""One of the growing  sector operator in India.""","https://www.sunpetro.com/","Website","https://www.google.com/maps/dir//8th+Floor,+Sun+Petrochemicals+Private+Limited,+Atl+Corporate+Park,+Saki+Vihar+Rd,+Powai,+Mumbai,+Maharashtra+400072/data=!4m6!4m5!1m1!4e2!1m2!1m1!1s0x3be7c8266c4961bb:0x5f5fcc04da942ce2?sa=X&ved=1t:57443&ictx=111","Directions"
"Penguin Petroleum Services Pvt. Ltd.","· Oil field equipment supplier","4.3","(27)","Sajgaon, Maharashtra","· 02192 269 064","⋅ Opens 9 am Sun","Closed","","http://www.penguinpetro.com/","Website","https://www.google.com/maps/dir//Penguin+Petroleum+Services+Pvt.+Ltd.,+Plot+%23+1%262,+Dheku+Dheku,+Post,+Sajgaon,+Maharashtra+410203/data=!4m6!4m5!1m1!4e2!1m2!1m1!1s0x3be8079138c6da03:0xfcaecdba8de2e018?sa=X&ved=1t:57443&ictx=111","Directions"
"Radiance LPG Petrochem Private Limited","· Gas Agency","5.0","(4)","Pune, Maharashtra","· 094044 90101","⋅ Opens 10 am Sat","Closed","","http://radiancelpg.com/","Website","https://www.google.com/maps/dir//Office+No.+101+(first,+Radiance+LPG+Petrochem+Private+Limited,+Purusottam+Plaza,+Baner+Rd,+above+Wadeshwar+Hotel,+Pune,+Maharashtra+411069/data=!4m6!4m5!1m1!4e2!1m2!1m1!1s0x3bc2bf271861b927:0x19ac5e60fec67760?sa=X&ved=1t:57443&ictx=111","Directions"
"Omshree Agro Tech Pvt Ltd","· Oil refinery","3.9","(10)","Dhule, Maharashtra","· 02562 281 669","⋅ Closes 8 pm","Open","""Omshree makes world class soya food grade and feed grade ingredients.""","http://www.omshreeagro.com/","Website","https://www.google.com/maps/dir//Omshree+Agro+Tech+Pvt+Ltd,+G-32,+MIDC+Avdhan,+Dhule,+Maharashtra+424311/data=!4m6!4m5!1m1!4e2!1m2!1m1!1s0x3bdec5f2c571bb47:0x526f71fbac901b79?sa=X&ved=1t:57443&ictx=111","Directions"
"ONGC Colony Phase 1, Hazira","· Oil & natural gas company","4.6","(58)","Gujarat","· 0261 287 5500","","Open 24 hours","""Nive residential colony of ongc employee""","http://www.ongcindia.com/","Website","https://www.google.com/maps/dir//4QR2%2BV42+ONGC+Colony+Phase+1,+Hazira,+Hazira+Rd,+Magdalla,+Gujarat+394518/data=!4m6!4m5!1m1!4e2!1m2!1m1!1s0x3be04d688993ba93:0x8227322067418613?sa=X&ved=1t:57443&ictx=111","Directions"
"Wellmax Oilfield Technologies","· Oil and gas exploration service","4.5","(2)","Navi Mumbai, Maharashtra","· 022 4005 7674","⋅ 7 pm","Closes soon","","http://wellmaxot.com/","Website","https://www.google.com/maps/dir//Wellmax+Oilfield+Technologies,+804,+Ellora+Fiesta,+Plot+No-8,+Sector-11+Sanpada+(Opp+Juinagar+Rly+station,+Navi+Mumbai,+Maharashtra+400705/data=!4m6!4m5!1m1!4e2!1m2!1m1!1s0x3be7c3ad42f9b623:0xa9a1ff97b53ea0ba?sa=X&ved=1t:57443&ictx=111","Directions"
"Innovative Environmental Technologies Pvt. Ltd. Pune","· Oil & natural gas company","4.1","(11)","Pune, Maharashtra","· 020 6725 7200","⋅ Opens 9 am Mon","Closed","","https://www.ietl.in/","Website","https://www.google.com/maps/dir//6th+Floor,+Innovative+Environmental+Technologies+Pvt.+Ltd.+Pune,+Galore+Tech+IT+Park,+LMD+Chowk,+Bavdhan,+Pune,+Maharashtra+411021/data=!4m6!4m5!1m1!4e2!1m2!1m1!1s0x3bc2bfeba88d342b:0x1b7d20697850cb8d?sa=X&ved=1t:57443&ictx=111","Directions"
"Bharat Tanks and Vessels LLP","· Oil field equipment supplier","4.9","(11)","Pune, Maharashtra","· 090110 10315","","Open 24 hours","","https://www.bharattanks.com/","Website","https://www.google.com/maps/dir//Bharat+Tanks+and+Vessels+LLP,+Maya+Nagari+Apartment,+B+-+21%2F22,+Dapodi,+Pune,+Maharashtra+411012/data=!4m6!4m5!1m1!4e2!1m2!1m1!1s0x3bc2b893d7c11555:0xa9a1e31a4d6f6fca?sa=X&ved=1t:57443&ictx=111","Directions"
"Xenon Lubricants","· Oil & natural gas company","4.7","(32)","Sayan, Gujarat","· 090163 07863","","Open 24 hours","","https://www.xenonlubricant.co.in/","Website","https://www.google.com/maps/dir//Xenon+Lubricants,+121,122+yogi+industry+chikuwadi,+dandipath,+delad,+Sayan,+Gujarat+394130/data=!4m6!4m5!1m1!4e2!1m2!1m1!1s0x3be04eef2fb59163:0x1c7b2336b6729dcf?sa=X&ved=1t:57443&ictx=111","Directions"
"Oil Field Instrumentation","· Oil field equipment supplier","4.1","(39)","Mumbai, Maharashtra","· 022 6147 5000","⋅ Opens 9 am Sat","Closed","","http://www.ofiindia.com/","Website","https://www.google.com/maps/dir//Oil+Field+Instrumentation,+A-211,+Kanara+Business+Centre,+Off,+Andheri+Ghatkopar+Link+Rd,+Ghatkopar+East,+Mumbai,+Maharashtra+400075/data=!4m6!4m5!1m1!4e2!1m2!1m1!1s0x3be7c634c633b087:0xfee9999021e4a907?sa=X&ved=1t:57443&ictx=111","Directions"
"Enpro Industries Pvt. Ltd. Manufacturing Facility","· Manufacturer","4.4","(58)","Markal, Maharashtra","· 020 6735 3100","⋅ Opens 8 am Sat","Closed",""" filter machine manufacturers...""","http://www.enproindustries.in/","Website","https://www.google.com/maps/dir//Enpro+Industries+Pvt.+Ltd.+Manufacturing+Facility,+Gat+no.+214%2F2+Alandi+Markal+Road,+Taluka+Khed,+Markal,+Maharashtra+412105/data=!4m6!4m5!1m1!4e2!1m2!1m1!1s0x3bc2c58be62045d3:0x9a6b4a193dc1c002?sa=X&ved=1t:57443&ictx=111","Directions"
"SLB Limited","· Oil and gas exploration service","4.6","(552)","Pune, Maharashtra","· 020 6741 7777","⋅ Opens 9:30 am Mon","Closed","""Well it is the best company to work with in Pune.""","http://www.slb.com/","Website","https://www.google.com/maps/dir//SLB+Limited,+8,+Office+301,+Commerzone+IT+Park,+Yerawada,+Pune,+Maharashtra+411006/data=!4m6!4m5!1m1!4e2!1m2!1m1!1s0x3bc2c0d9129e2c0d:0xa92e92b0bc909cf3?sa=X&ved=1t:57443&ictx=111","Directions"
"Dream Green Petro-chem Pvt.Ltd.","· Petrochemical engineering service","5.0","(9)","Nashik, Maharashtra","· 099236 35326","⋅ Opens 9 am Sat","Closed","","","","https://www.google.com/maps/dir//3QM4%2BCGM+Dream+Green+Petro-chem+Pvt.Ltd.,+Shinde+-+Naigaon+Rd,+Nashik,+Maharashtra+422102/data=!4m6!4m5!1m1!4e2!1m2!1m1!1s0x3bddbf1e83e90277:0x2538618a0f60cff7?sa=X&ved=1t:57443&ictx=111","Directions"
"Cargill India Pvt Ltd 1","· Oil refinery","3.9","(65)","Kurkumbh, Maharashtra","","⋅ Opens 9 am Sat","Closed","","","","https://www.google.com/maps/dir//CG4Q%2B4Q8+Cargill+India+Pvt+Ltd+1,+Kurkumbh,+Maharashtra/data=!4m6!4m5!1m1!4e2!1m2!1m1!1s0x3bc313ac916e8e91:0xe124e9acc83cd584?sa=X&ved=1t:57443&ictx=111","Directions"
"AB Petrochem Pvt Ltd","· Oil & natural gas company","4.3","(6)","Pune, Maharashtra","· 099228 20089","⋅ Closes 7:30 pm","Open","","http://www.abpetrochem.com/","Website","https://www.google.com/maps/dir//AB+Petrochem+Pvt+Ltd,+Amchi+coloni,+Fortune+Plaza,+402,+Dr.+Homi+Bhabha+Rd,+Bavdhan,+Pune,+Maharashtra+411021/data=!4m6!4m5!1m1!4e2!1m2!1m1!1s0x3bc2be5923c99ca1:0x622c7e2aa699ebf2?sa=X&ved=1t:57443&ictx=111","Directions"
"Heurtey Petrochem India Private Limited (Axens Global Enginnering and Execution Center, AgeX)","· Oil & natural gas company","3.0","(4)","Mumbai, Maharashtra","· 022 6774 0000","⋅ Opens 8:30 am Mon","Closed","","http://www.heurtey.net/","Website","https://www.google.com/maps/dir//Heurtey+Petrochem+India+Private+Limited+(Axens+Global+Enginnering+and+Execution+Center,+AgeX),+SUPREME+BUSINESS+PARK,+Powai,+Mumbai,+Maharashtra+400076/data=!4m6!4m5!1m1!4e2!1m2!1m1!1s0x3be7c80bf718b885:0xb510463db26c1f6d?sa=X&ved=1t:57443&ictx=111","Directions"
"ONGC11 High","· Oil & natural gas company","4.2","(1.3K)","Mumbai, Maharashtra","","⋅ Opens 9:30 am Mon","Closed",""" natural  corporation""","http://www.ongcindia.com/","Website","https://www.google.com/maps/dir//ONGC11+High,+4th+Floor+11+High,+Sion-Bandra+Link+Rd,+Sion+West,+Mumbai,+Maharashtra+400017/data=!4m6!4m5!1m1!4e2!1m2!1m1!1s0x3be7c8d0aa60bd01:0xd971d060ada0656f?sa=X&ved=1t:57443&ictx=111","Directions"
"Maharashtra Solvent Extraction (P) Ltd","· Industry","3.8","(20)","Dhule, Maharashtra","· 02562 239 500","⋅ Closes 8 pm","Open","","http://maharashtrasolvent.com/","Website","https://www.google.com/maps/dir//Maharashtra+Solvent+Extraction+(P)+Ltd,+E-132,,+MIDC+Avdhan,+Dhule,+Maharashtra+424006/data=!4m6!4m5!1m1!4e2!1m2!1m1!1s0x3bdec64074a85913:0xeb732321722bf40f?sa=X&ved=1t:57443&ictx=111","Directions"
"Kataria Construction","· Oil & natural gas company","4.9","(17)","Bharuch, Gujarat","","⋅ Opens 9 am Sat","Closed","""Good compney for hdd work in rock""","http://www.katariaconstruction.com/","Website","https://www.google.com/maps/dir//9th+Floor,+Kataria+Construction,+Golden+Square,+Corporate+Office+901,+ABC+Cir,+Bharuch,+Gujarat+392001/data=!4m6!4m5!1m1!4e2!1m2!1m1!1s0x3be02086b3eba363:0x9543fc5ab3230e4d?sa=X&ved=1t:57443&ictx=111","Directions"
"Maharashtra Natural Gas Limited - (MNGL)","· Oil & natural gas company","3.8","(58)","Pune, Maharashtra","· 1800 266 2696","⋅ Opens 9:30 am Mon","Closed","""It's MNGL head office in baner.""","http://www.mngl.in/","Website","https://www.google.com/maps/dir//2nd+Floor,+Maharashtra+Natural+Gas+Limited+-+(MNGL),+Pride+Purple+Coronet,+Baner+Rd,+Baner,+Pune,+Maharashtra+411069/data=!4m6!4m5!1m1!4e2!1m2!1m1!1s0x3bc2bfb77044441f:0x5296f535ec96354d?sa=X&ved=1t:57443&ictx=111","Directions"
"ALVI Tech. Services Pvt. Ltd.","· Oil & natural gas company","2.8","(9)","Kalyan, Maharashtra","0251 225 2211","","","","http://www.alvitech.com/","Website","https://www.google.com/maps/dir//ALVI+Tech.+Services+Pvt.+Ltd.,+Shivam+Palace,+G-3,+Chinchpada+Rd,+Kalyan+(E,+Kalyan,+Maharashtra+421306/data=!4m6!4m5!1m1!4e2!1m2!1m1!1s0x3be7944a312e7f59:0xbf2058ced14d9f42?sa=X&ved=1t:57443&ictx=111","Directions"
"Glamptech Agro Process Pvt Ltd","· Oil refinery","4.0","(4)","Mumbai, Maharashtra","· 022 2528 6319","⋅ Opens 10 am Sat","Closed","","http://www.glamptech.com/","Website","https://www.google.com/maps/dir//Shop+no.105,+Glamptech+Agro+Process+Pvt+Ltd,+Charisma+Centre,+19th+Rd,+Chembur,+Mumbai,+Maharashtra+400071/data=!4m6!4m5!1m1!4e2!1m2!1m1!1s0x3be7cf564d1d55ef:0xb8c85f2a00f3205e?sa=X&ved=1t:57443&ictx=111","Directions"
"TROIKA INDIA - Solvent Extraction Plant Manufacturer Supplier","· Food machinery supplier","4.6","(9)","Mumbai, Maharashtra","· 022 6632 1996","⋅ Opens 10:30 am Sat","Closed","","http://www.troikaindia.com/","Website","https://www.google.com/maps/dir//TROIKA+INDIA+-+Solvent+Extraction+Plant+Manufacturer+Supplier,+Embassy+Center,+Nariman+Point,+Mumbai,+Maharashtra+400021/data=!4m6!4m5!1m1!4e2!1m2!1m1!1s0x3be7d1ec1cbaaaab:0x31a558b28b026027?sa=X&ved=1t:57443&ictx=111","Directions"
"Kent PLC","· Oil & natural gas company","4.1","(109)","Mumbai, Maharashtra","· 022 6915 9200","⋅ Opens 8 am Mon","Closed","""This is shifted to Embassy 247 business park in Vikhroli West.""","http://www.kentplc.com/","Website","https://www.google.com/maps/dir//Kent+PLC,+247,+Lal+Bahadur+Shastri+Marg,+Gandhi+Nagar,+Vikhroli+West,+Mumbai,+Maharashtra+400083/data=!4m6!4m5!1m1!4e2!1m2!1m1!1s0x3be7c81354f390bb:0x6361da07412dc5a0?sa=X&ved=1t:57443&ictx=111","Directions"
"Crimscent Industries Private Limited","· Gas Agency","5.0","(17)","Navi Mumbai, Maharashtra","· 081691 85739","","Open 24 hours","""Their model no CI-2200 is very effective in early detection .""","http://www.crimscent.com/","Website","https://www.google.com/maps/dir//Crimscent+Industries+Private+Limited,+PAP-D-42,+near+Raheja+Tesla,+opposite+Thyrocare,+Navi+Mumbai,+Maharashtra+400703/data=!4m6!4m5!1m1!4e2!1m2!1m1!1s0x3be7e9427f4582ef:0xe8dceaa9c6e2809?sa=X&ved=1t:57443&ictx=111","Directions"
"Omshree Agro Industries Pvt Ltd","· Oil refinery","1.0","(1)","Dhule, Maharashtra","· 02562 239 569","⋅ 7 pm","Closes soon","","","","https://www.google.com/maps/dir//Omshree+Agro+Industries+Pvt+Ltd,+Plot+no.+E-117,+MIDC+Avdhan,+Dhule,+Maharashtra+424006/data=!4m6!4m5!1m1!4e2!1m2!1m1!1s0x3bdec64a77e116db:0x895ddfcef28efca8?sa=X&ved=1t:57443&ictx=111","Directions"
"Repos Energy Head Office","· Corporate office","4.2","(215)","Pune, Maharashtra","· 099229 19009","⋅ Opens 9 am Sat","Closed","""India moveable petrol station from the ""","http://www.reposenergy.com/","Website","https://www.google.com/maps/dir//7th+Floor+,+B,+Repos+Energy+Head+Office,+wing+NextGen+Avenue,+Repos+Energy,+Senapati+Bapat+Rd,+behind+Pavillion+Mall,+Gokhalenagar,+Pune,+Maharashtra+411016/data=!4m6!4m5!1m1!4e2!1m2!1m1!1s0x3bc2bf13552162cb:0x5b45a6f4c6e18a2f?sa=X&ved=1t:57443&ictx=111","Directions"
"Think Analytics India Private Limited","· Software company","4.1","(50)","Mumbai, Maharashtra","","⋅ Closes 8 pm","Open","""Employee can explore new technology, open door policy, no strict hierarchy!""","http://think360.ai/","Website","https://www.google.com/maps/dir//Think+Analytics+India+Private+Limited,+Oberoi+Garden+Estate,+B+2078,+Chandivali,+Mumbai,+Maharashtra+400072/data=!4m6!4m5!1m1!4e2!1m2!1m1!1s0x3be7c80b931fa22f:0x321ebf7899199414?sa=X&ved=1t:57443&ictx=111","Directions"
"IS INDIA MARINE TECHNICAL SERVICES PVT LTD","· Oil & natural gas company","5.0","(1)","Navi Mumbai, Maharashtra","· 022 4974 7101","⋅ Opens 9 am Sat","Closed","","https://isindiam.com/","Website","https://www.google.com/maps/dir//IS+INDIA+MARINE+TECHNICAL+SERVICES+PVT+LTD,+Kukreja+Center,+C-103,+Sector+11,+CBD+Belapur,+Navi+Mumbai,+Maharashtra+400614/data=!4m6!4m5!1m1!4e2!1m2!1m1!1s0x3be7c252fff95555:0x33b8fe5280ae43db?sa=X&ved=1t:57443&ictx=111","Directions"
"Rex Fuels Management Pvt. Ltd","· Diesel fuel supplier","5.0","(2)","Mumbai, Maharashtra","· 022 2822 6722","","Open 24 hours","","http://rexfuels.com/","Website","https://www.google.com/maps/dir//Rex+Fuels+Management+Pvt.+Ltd,+Sahar+plaza,+523%2F524,+Sir+Mathuradas+Vasanji+Rd,+Andheri+(E,+Mumbai,+Maharashtra+400059/data=!4m6!4m5!1m1!4e2!1m2!1m1!1s0x3be7c83985555557:0xf4e9c746adfa6c7f?sa=X&ved=1t:57443&ictx=111","Directions"
"Spectron Engineers Private Limited","· Security system supplier","4.3","(39)","Mumbai, Maharashtra","· 022 2673 5123","⋅ Opens 9 am Sat","Closed","","http://www.spectron.in/","Website","https://www.google.com/maps/dir//Spectron+Engineers+Private+Limited,+129,+Veera+Desai+Industrial+Estate+Rd,+Veera+Desai+Industrial+Estate,+Andheri+West,+Mumbai,+Maharashtra+400053/data=!4m6!4m5!1m1!4e2!1m2!1m1!1s0x3be7b623f7e6ccc1:0x33ab4c5e5f26834f?sa=X&ved=1t:57443&ictx=111","Directions"
"B G Exploration & Production India Limited","· Petrol Pump","4.0","(7)","Mumbai, Maharashtra","","","","","","","https://www.google.com/maps/dir//1st+Floor,+B+G+Exploration+%26+Production+India+Limited,+Sahar+plaza,+A+K+Road,+near+Kohinoor+Hotel,+J+B+Nagar,+Andheri+East,+Mumbai,+Maharashtra+400093/data=!4m6!4m5!1m1!4e2!1m2!1m1!1s0x3be7c839508746b9:0xbd3bb7bf12aa2d53?sa=X&ved=1t:57443&ictx=111","Directions"
"Proton Metalcrafts Pvt Ltd","· Oil & natural gas company","4.5","(37)","Pune, Maharashtra","· 099700 98333","","Open 24 hours","""Professional management with high ethics in the business.""","http://www.protonmetalcrafts.com/","Website","https://www.google.com/maps/dir//Proton+Metalcrafts+Pvt+Ltd,+Plot+No-26,27,+28,+Tiny+ind.+Co-Op+Estate+Ltd,+Kondhwa+Budnak,+Tyni+Audyogic+Wasahat,+Kondhwa,+Pune,+Maharashtra+411048/data=!4m6!4m5!1m1!4e2!1m2!1m1!1s0x3bc2ea5a01dd6c15:0x6131f76769f162c4?sa=X&ved=1t:57443&ictx=111","Directions"
"JB AIR PRODUCTS","· Oil & natural gas company","5.0","(21)","Navi Mumbai, Maharashtra","· 098215 22667","⋅ Closes 10 pm","Open","","http://jbairproducts.com/","Website","https://www.google.com/maps/dir//JB+AIR+PRODUCTS,+D-14%2F1,+TTC+Industrial+Area,+Bonsari+village,+MIDC+Industrial+Area,+Turbhe,+Navi+Mumbai,+Maharashtra+400705/data=!4m6!4m5!1m1!4e2!1m2!1m1!1s0x3be7c1140a845e4f:0x31d77a455fbd36e4?sa=X&ved=1t:57443&ictx=111","Directions"
"Hans Petro Lube Private Limited","· Manufacturer","4.2","(5)","Wasuli, Chakan, Maharashtra","","⋅ Opens 9 am Sat","Closed","","http://www.lubrinox.com/","Website","https://www.google.com/maps/dir//Hans+Petro+Lube+Private+Limited,+PLOT+NO,+PAP+V+118,+MIDC+PHASE-II,+Wasuli,+Chakan,+Maharashtra+410501/data=!4m6!4m5!1m1!4e2!1m2!1m1!1s0x3bc2b48a3cfd01eb:0xdc41d505c33c8f05?sa=X&ved=1t:57443&ictx=111","Directions"
"Jaya Hind Industries Private Limited Akurdi","· Manufacturer","4.0","(151)","Pune, Maharashtra","· 020 2747 3982","⋅ Opens 8:30 am Sat","Closed","""One of the most recognised organisation for automobile manufacturing""","http://www.jayahind.com/","Website","https://www.google.com/maps/dir//Jaya+Hind+Industries+Private+Limited+Akurdi,+Old+Mumbai+-+Pune+Hwy,+Akurdi,+Pune,+Maharashtra+411035/data=!4m6!4m5!1m1!4e2!1m2!1m1!1s0x3bc2b9d03e9927c3:0xa3b808a8d40e04d7?sa=X&ved=1t:57443&ictx=111","Directions"
"Allied Engineering PVT.LTD","· Manufacturer","5.0","(3)","Navi Mumbai, Maharashtra","· 022 2763 2483","⋅ Opens 9 am Sat","Closed","","http://alliedengineering.co.in/","Website","https://www.google.com/maps/dir//14,+Allied+Engineering+PVT.LTD,+Plot+No.+D-222,+TTC+Industrial+Area,+MIDC+Industrial+Area,+Nerul,+Navi+Mumbai,+Maharashtra+400705/data=!4m6!4m5!1m1!4e2!1m2!1m1!1s0x3be7c11f3bffffff:0xd01dadbd15be8e93?sa=X&ved=1t:57443&ictx=111","Directions"
"Magnus Lubricants Pvt Ltd","· Corporate office","4.6","(25)","Pune, Maharashtra","· 072768 30001","⋅ Opens 9 am Sat","Closed","""safe work and best quality  low price""","http://www.magnuslubricants.com/","Website","https://www.google.com/maps/dir//Magnus+Lubricants+Pvt+Ltd,+PAP-W5,+MIDC+CHAKAN+INDUSTRIAL+AREA,+PHASE+-II+VILLAGE+VARALE,+TALUK+KHED,+DIST,+Pune,+Maharashtra+410501/data=!4m6!4m5!1m1!4e2!1m2!1m1!1s0x3bc2b5b400000001:0xec875ea28a35a124?sa=X&ved=1t:57443&ictx=111","Directions"
"R & D Therm India Private Limited","· Metal fabricator","4.9","(68)","Nashik, Maharashtra","· 094222 93397","⋅ Opens 9 am Sun","Closed","""Pressure vessel manufacturer""","http://www.rdtherm.com/","Website","https://www.google.com/maps/dir//R+%26+D+Therm+India+Private+Limited,+C-14%5C2+Xlo+Point+Road-b,+Street+No+4,+Nice+Satpur,+Nice+Satpur,+Nashik,+Maharashtra+422007/data=!4m6!4m5!1m1!4e2!1m2!1m1!1s0x3bddec7d00000001:0xff27dac590f0846d?sa=X&ved=1t:57443&ictx=111","Directions"
"Kingston Oilfield Services Pvt.Ltd","· Oil field equipment supplier","3.7","(15)","Mumbai, Maharashtra","· 022 6726 9999","","Temporarily closed","","http://kgoffshore.in/","Website","https://www.google.com/maps/dir//Kingston+Oilfield+Services+Pvt.Ltd,+Corporate+Centre,+720,+Lal+Bahadur+Shastri+Marg,+Mumbai,+Maharashtra+400080/data=!4m6!4m5!1m1!4e2!1m2!1m1!1s0x3be7b85b9ee6a9f9:0x1af9c565744e9d0?sa=X&ved=1t:57443&ictx=111","Directions"
"Maharashtra Natural Gas Ltd CNG Station","· Petrol Pump","3.7","(1.3K)","Pune, Maharashtra","· 020 2561 1000","⋅ Closes 11:59 pm","Open","""It's cng pump manage by government""","https://www.mngl.in/","Website","https://www.google.com/maps/dir//Maharashtra+Natural+Gas+Ltd+CNG+Station,+1+P.M.P.M.L.+Bus+Depot+Commercial+Bldg+27,+A-Block,+Narveer+Tanaji+Wadi,+Shivajinagar,+Pune,+Maharashtra+411005/data=!4m6!4m5!1m1!4e2!1m2!1m1!1s0x3bc2c081526c0d2b:0xac0457f0882e63e?sa=X&ved=1t:57443&ictx=111","Directions"
"iPAC Automation Pvt Ltd | Control Systems & Instrumentation","· Oil & natural gas company","4.0","(88)","Pune, Maharashtra","· 092700 01751","⋅ Opens 9 am Mon","Closed","","https://www.ipacautomation.com/","Website","https://www.google.com/maps/dir//Office+no.+411,+4th+floor,+iPAC+Automation+Pvt+Ltd+%7C+Control+Systems+%26+Instrumentation,+Amanora+chambers,+Hadapsar,+Pune,+Maharashtra+411028/data=!4m6!4m5!1m1!4e2!1m2!1m1!1s0x3bc2c268e91165c7:0xee25ff38b41f4543?sa=X&ved=1t:57443&ictx=111","Directions"
"Unique Hydra (India) Pvt. Ltd.","· Oil & natural gas company","3.9","(19)","Navi Mumbai, Maharashtra","· 022 2761 9975","⋅ Opens 9:30 am Mon","Closed","","http://www.uniquegroup.com/","Website","https://www.google.com/maps/dir//Unique+Hydra+(India)+Pvt.+Ltd.,+Gala+No+A+4,+Electronic+Sadan+1,+Mahape,+Navi+Mumbai,+Maharashtra+400710/data=!4m6!4m5!1m1!4e2!1m2!1m1!1s0x3be7cf2172850a77:0x4d20abb0cb2395d6?sa=X&ved=1t:57443&ictx=111","Directions"
"Voith Turbo Pvt. Ltd.","· Oil & natural gas company","5.0","(1)","Pune, Maharashtra","· 020 4120 0006","⋅ 7 pm","Closes soon","","http://www.voith.com/","Website","https://www.google.com/maps/dir//Voith+Turbo+Pvt.+Ltd.,+103,+Sohrab+Hall,+1st+Floor,+21,+BJ+Medical+Rd,+Sangamvadi,+Pune,+Maharashtra+411001/data=!4m6!4m5!1m1!4e2!1m2!1m1!1s0x3bc2c0587a5dabe1:0x4de7b08c45d70e7d?sa=X&ved=1t:57443&ictx=111","Directions"
"DVC Process Technologists","· Industrial equipment supplier","4.4","(27)","Pune, Maharashtra","· 086699 56061","⋅ Opens 9:30 am Sat","Closed","""Leader in Edible  & Fats projects.""","https://dvcprocesstech.com/","Website","https://www.google.com/maps/dir//DVC+Process+Technologists,+Plot+No+4,+DVC+House,+Survey+No.111%2F11%2F1,+Opposite+B.U.+Bhandari+Mercedes+Benz+Showroom,+Service,+Baner+Rd,+Pune,+Maharashtra+411069/data=!4m6!4m5!1m1!4e2!1m2!1m1!1s0x3bc2beb5ad5b7b59:0x88aa216aef3cc399?sa=X&ved=1t:57443&ictx=111","Directions"
"Rashmi Heaters Private Limited","· Manufacturer","5.0","(6)","Pune, Maharashtra","· 098229 46344","⋅ Opens 8:30 am Sat","Closed","""Reliable place for purchase of Electrical Tubular Heaters""","http://www.rashmiheaters.com/","Website","https://www.google.com/maps/dir//Rashmi+Heaters+Private+Limited,+Alandi+Markal+Road,+Gat+No+118%2F1,+Dhanorie,+Taluka+Khed,+Dhanorie,+Pune,+Maharashtra+411003/data=!4m6!4m5!1m1!4e2!1m2!1m1!1s0x3bc2cad54a0b90ef:0xacb14f2bc177892e?sa=X&ved=1t:57443&ictx=111","Directions"
"Teekay Shipping (India) Pvt. Ltd.","· Gas Agency","4.4","(91)","Mumbai, Maharashtra","","⋅ Opens 9 am Mon","Closed","""it was a great time with Mr.Bharat Aggarwal the MG and their team.""","http://teekay.com/","Website","https://www.google.com/maps/dir//Teekay+Shipping+(India)+Pvt.+Ltd.,+AWFIS,+One+International+Center,+8th+Floor,+Unit+no.+801+%26+802,+Tower+1+Senapati+Bapat+Marg,+Delisle+Rd,+Dadar+West,+Prabhadevi,+Mumbai,+Maharashtra+400013/data=!4m6!4m5!1m1!4e2!1m2!1m1!1s0x3be7ce200c23e409:0x9505df5ccbaeef4d?sa=X&ved=1t:57443&ictx=111","Directions"
"PYRAMID HYDROCARBON TECHNOLOGIES PVT. LTD.","· Oil & natural gas company","4.2","(84)","Thane, Maharashtra","· 022 4038 1000","⋅ Opens 9 am Sat","Closed","","https://pyramidenc.com/","Website","https://www.google.com/maps/dir//PYRAMID+HYDROCARBON+TECHNOLOGIES+PVT.+LTD.,+4TH+Floor,+Hamilton+'A'+Wing,+Hiranandani+Estate,+Thane+West,+Thane,+Maharashtra+400607/data=!4m6!4m5!1m1!4e2!1m2!1m1!1s0x3be7bbed9dae74af:0x84081b8db6044fd6?sa=X&ved=1t:57443&ictx=111","Directions"
"Tritorc Equipments Pvt Ltd","· Manufacturer","4.2","(64)","India, Thane, Maharashtra","· 084337 08957","⋅ 6:30 pm","Closes soon","","https://tritorc.com/?utm_source=GBP&utm_medium=GoogleMyBusinesslisting&utm_campaign=Thane","Website","https://www.google.com/maps/dir//Kripam+House+,+Plot+No.+A,+Tritorc+Equipments+Pvt+Ltd,+158,+Rd+Number+25,+Wagle+Industrial+Estate,+Thane+West,+India,+Thane,+Maharashtra+400604/data=!4m6!4m5!1m1!4e2!1m2!1m1!1s0x3be7bc199e8a1cb1:0xfa89d00be55fb2a9?sa=X&ved=1t:57443&ictx=111","Directions"
"Gumpro Chem Kalol","· Oil & natural gas company","","","Mumbai, Maharashtra","· 022 2382 7671","⋅ Opens 9 am Sat","Closed","","https://www.gumprokalol.com/","Website","https://www.google.com/maps/dir//Gumpro+Chem+Kalol,+56,+C+P,+Tank+Road,+near+Madhav+Baugh+Temple,+Mumbai,+Maharashtra+400004/data=!4m6!4m5!1m1!4e2!1m2!1m1!1s0x3be7ce17c4670e57:0x7232ce25d7219a19?sa=X&ved=1t:57443&ictx=111","Directions"
"APChemi Pvt Ltd","· Chemical plant","4.6","(36)","Navi Mumbai, Maharashtra","· 022 2759 9010","⋅ Opens 10 am Mon","Closed","""Very well behaved and well knowledgeable executives and CEO.""","http://www.apchemi.com/","Website","https://www.google.com/maps/dir//Tower+7,+APChemi+Pvt+Ltd,+Belapur+Railway+Station+Complex,+J105,+1st+Floor,+Sector+11,+CBD+Belapur,+Navi+Mumbai,+Maharashtra+400614/data=!4m6!4m5!1m1!4e2!1m2!1m1!1s0x3be7c3ad51ebda81:0xfacb240c39ef2683?sa=X&ved=1t:57443&ictx=111","Directions"
"Steelcon Technovision Pvt Ltd","· Manufacturer","4.8","(4)","Pimpri-Chinchwad, Maharashtra","· 020 6611 4241","⋅ Closes 10 pm","Open","","http://www.steelcontechnovision.com/","Website","https://www.google.com/maps/dir//JRFH%2BW97+Steelcon+Technovision+Pvt+Ltd,+T+Block,+T-110,+MIDC,+Bhosari,+Pimpri-Chinchwad,+Maharashtra+411026/data=!4m6!4m5!1m1!4e2!1m2!1m1!1s0x3bc2b86366f471bd:0x699e9f7da365af04?sa=X&ved=1t:57443&ictx=111","Directions"
"HNL SYSTEMS PVT. LTD.","· Oil & natural gas company","3.5","(17)","W, Maharashtra","· 099303 59471","⋅ Opens 9 am Sat","Closed","","http://www.hnlsystems.com/","Website","https://www.google.com/maps/dir//HNL+SYSTEMS+PVT.+LTD.,+25%2FN,+Laxmi+Industrial+Estate,+New+Link+Rd,+Andheri+West,+W,+Maharashtra+400053/data=!4m6!4m5!1m1!4e2!1m2!1m1!1s0x3be7b77f5e3ec799:0x175a58bac707ed5d?sa=X&ved=1t:57443&ictx=111","Directions"
"Petromech Engineers Pvt. Ltd.","· Machining manufacturer","4.3","(9)","Pune, Maharashtra","· 020 4005 3908","⋅ Opens 9 am Mon","Closed","""Very Good Quality products.... Mechanical Interlocks...""","http://www.petromek.in/","Website","https://www.google.com/maps/dir//No.+6,+GAT+No.1337,+Petromech+Engineers+Pvt.+Ltd.,+Reality+ware+Housing,+building,+1,+Nagar+Rd,+Wagholi,+Pune,+Maharashtra+412207/data=!4m6!4m5!1m1!4e2!1m2!1m1!1s0x3bc2c391ee1c56bd:0x9505ffd8b6358c3f?sa=X&ved=1t:57443&ictx=111","Directions"
"Sukrut Electric Company Private Limited","· Manufacturer","4.5","(6)","Chakan, Maharashtra","· 073079 77477","⋅ Opens 8 am Sat","Closed","""One stop shop for Transformer Accessories and Safety Devices""","http://sukrutelectric.com/","Website","https://www.google.com/maps/dir//Sukrut+Electric+Company+Private+Limited,+Plot+No.+PAP-B-63,+MIDC+Chakan+Industrial+Area+Phase+II,+Village+Bhamboli,+Taluka+Khed,+Chakan,+Maharashtra+410501/data=!4m6!4m5!1m1!4e2!1m2!1m1!1s0x3bc2b4519d441ddb:0x8dc47f62e46b94e5?sa=X&ved=1t:57443&ictx=111","Directions"
"Arslan Enginery Pvt.Ltd.","· Oil & natural gas company","3.2","(20)","Navi Mumbai, Maharashtra","","⋅ Opens 8:30 am Sat","Closed","","https://arslanenginery.com/","Website","https://www.google.com/maps/dir//S-24,+Arslan+Enginery+Pvt.Ltd.,+Arenja+Complex,+HH+Shree+Mataji+Nirmala+Devi+Marg,+Sector+8,+CBD+Belapur,+Navi+Mumbai,+Maharashtra+400614/data=!4m6!4m5!1m1!4e2!1m2!1m1!1s0x3be79342f997a9ef:0x603b68602b6c719b?sa=X&ved=1t:57443&ictx=111","Directions"
"Master Fluid Solutions India Pvt Ltd","· Company","4.2","(39)","Bhamboli, Maharashtra","02135 675 961","","","","https://www.masterfluidsolutions.com/in/en-in/","Website","https://www.google.com/maps/dir//Master+Fluid+Solutions+India+Pvt+Ltd,+B-41,+Chakan+MIDC,+PH-2,+Vill-+Bhambuli,+Tal-+Khed,+Rd,+Bhamboli,+Maharashtra+410501/data=!4m6!4m5!1m1!4e2!1m2!1m1!1s0x3bc2b45df48889e5:0xe53105e65d1d064e?sa=X&ved=1t:57443&ictx=111","Directions"
"Microverse Automation Pvt. Ltd.","· Automation company","4.1","(29)","Pune, Maharashtra","· 077559 67670","⋅ 6:30 pm","Closes soon","","https://www.microversedcs.com/","Website","https://www.google.com/maps/dir//Microverse+Automation+Pvt.+Ltd.,+79%2F2,+Dangat+Industrial+Estate,+NDA+Rd,+Shivane,+Pune,+Maharashtra+411023/data=!4m6!4m5!1m1!4e2!1m2!1m1!1s0x3bc29578054b2233:0xac3aab98d6d83a42?sa=X&ved=1t:57443&ictx=111","Directions"
"Sterling Oil Exploration & Energy Production Co. Ltd","· Oil & natural gas company","4.2","(269)","Lagos, Nigeria","· +234 907 000 2300","⋅ Closes 5 pm","Open","""It's an oil company""","https://stoilmgt.com/","Website","https://www.google.com/maps/dir//Sterling+Oil+Exploration+%26+Energy+Production+Co.+Ltd,+205+Abiola+Segun+Ajayi+St,+Eti-Osa,+Lagos+106104,+Nigeria/data=!4m6!4m5!1m1!4e2!1m2!1m1!1s0x103bf523dab9c4a5:0xd51810c28aa96622?sa=X&ved=1t:57443&ictx=111","Directions"
"Renom Energy Services PVT LTD","· Corporate office","4.6","(52)","Pune, Maharashtra","· 084463 41555","⋅ Opens 9 am Sat","Closed","""Witnessing one of the fastest growing ISP in India.""","http://renom.in/","Website","https://www.google.com/maps/dir//Renom+Energy+Services+PVT+LTD,+Anand+Square+%E2%80%93+B+Wing,+3rd+floor.+No-302+%26+303,+opp.+Symbiosis+International+Deemed+University,+Viman+Nagar,+Pune,+Maharashtra+411014/data=!4m6!4m5!1m1!4e2!1m2!1m1!1s0x3bc2c139d9392ea9:0x631de620fd9b8bcc?sa=X&ved=1t:57443&ictx=111","Directions"
"ATS Conveyors India Pvt Ltd","· Manufacturer","4.4","(27)","Kurali, Khed, Maharashtra","· 02135 610 170","⋅ Opens 8:30 am Sat","Closed","","http://www.ats-group.com/","Website","https://www.google.com/maps/dir//ATS+Conveyors+India+Pvt+Ltd,+Plot+No+G-8%2FA,+MIDC+Chakan,+Phase+3,+Kurali,+Khed,+Maharashtra+410501/data=!4m6!4m5!1m1!4e2!1m2!1m1!1s0x3bc2b62016f02b1d:0x33742c018e3a63ee?sa=X&ved=1t:57443&ictx=111","Directions"
"Radiant Heat Exchangers Pvt. Ltd.","· Boiler Manufacturer","4.1","(34)","Pimpri-Chinchwad, Maharashtra","· 020 4071 8000","⋅ Opens 9 am Sat","Closed","","https://www.radiantengineers.com/","Website","https://www.google.com/maps/dir//JRCR%2BVPW+Radiant+Heat+Exchangers+Pvt.+Ltd.,+Landewadi,+Bhosari,+Pimpri-Chinchwad,+Maharashtra+411026/data=!4m6!4m5!1m1!4e2!1m2!1m1!1s0x3bc2b87f8ae035a5:0xbf3b4e9c15a16f36?sa=X&ved=1t:57443&ictx=111","Directions"
"PANVEL INDUSTRIAL FASTNERS PVT LTD","· Petrol Pump","3.7","(19)","Navi Mumbai, Maharashtra","· 098211 37735","","Open 24 hours","""A 24 X7 pump which is close to the highway.""","https://www.hpclubricants.co.in/","Website","https://www.google.com/maps/dir//PANVEL+INDUSTRIAL+FASTNERS+PVT+LTD,+30%2F31%2F32%2633,+Sion+-+Panvel+Hwy,+Jawahar+Co-op+Ind,+Kamothe,+Panvel,+Navi+Mumbai,+Maharashtra+410209/data=!4m6!4m5!1m1!4e2!1m2!1m1!1s0x3be7e9d1d80acf15:0xdfd12f01c7b1f23?sa=X&ved=1t:57443&ictx=111","Directions"
"ChemSepT Engineering Pvt Ltd","· Engineering consultant","4.8","(104)","Pune, Maharashtra","· 079728 40160","⋅ 6:30 pm","Closes soon","""Best company for process engineering and detail engineering services""","https://www.chemsept.in/","Website","https://www.google.com/maps/dir//ChemSepT+Engineering+Pvt+Ltd,+Rama+Equator,+Office+No+612,+near+Finolex+Chowk,+Morewadi,+Pimpri+Colony,+Pune,+Maharashtra+411018/data=!4m6!4m5!1m1!4e2!1m2!1m1!1s0x3bc2ea651726fb87:0xa7dfe52858ad018?sa=X&ved=1t:57443&ictx=111","Directions"
"Reliance Industries Limited","· Chemical industry","4.3","(141)","Rasayani, Maharashtra","· 1800 102 7382","⋅ Opens 8:30 am Sat","Closed","""One of the biggest petrochemical manufacturing industry in Patalganga MIDC""","http://www.ril.com/","Website","https://www.google.com/maps/dir//V5JJ%2BWCP+Reliance+Industries+Limited,+Rasayani,+Maharashtra+410220/data=!4m6!4m5!1m1!4e2!1m2!1m1!1s0x3be7e15543d3d4bf:0xa1148ef498fa6463?sa=X&ved=1t:57443&ictx=111","Directions"
"ENRECOVER PRIVATE LIMITED","· Energy equipment and solutions","4.5","(8)","","","⋅ 7 pm","Closes soon","""Unique Startup with Waste to electricity patented machines.""","http://www.enrecover.com/","Website","",""
"Thomas & Brian - Powerlok Valves | Fittings | Regulators | Systems","· Manufacturer","4.8","(26)","Navi Mumbai, Maharashtra","· 088282 65497","⋅ Opens 8:30 am Sat","Closed","","http://www.thomasandbrian.com/","Website","https://www.google.com/maps/dir//Thomas+%26+Brian+-+Powerlok+Valves+%7C+Fittings+%7C+Regulators+%7C+Systems,+R-639,+opposite+PrintHouse+%2F+Reliable,+T.T.C.+Industrial+Area,+MIDC+Industrial+Area,+Rabale,+Navi+Mumbai,+Maharashtra+400701/data=!4m6!4m5!1m1!4e2!1m2!1m1!1s0x3be7bf5efd6c3dad:0xe89014270eaf402b?sa=X&ved=1t:57443&ictx=111","Directions"
"Minimac Systems Pvt. Ltd.","· Manufacturer","4.7","(71)","Nighoje, Chakan, Maharashtra","· 089560 09769","⋅ Opens 10 am Sat","Closed","""Best manufacturing  purification.""","https://www.minimacsystems.com/","Website","https://www.google.com/maps/dir//Gat+No.+:+448%2F15,+Minimac+Systems+Pvt.+Ltd.,+success+industrial+park,+Taluka+-+Khed,+Nighoje,+Chakan,+Maharashtra+410501/data=!4m6!4m5!1m1!4e2!1m2!1m1!1s0x3bc2b7a2f6af5f4f:0x4ef4940dc08cfb83?sa=X&ved=1t:57443&ictx=111","Directions"
"KELVION INDIA PRIVATE LIMITED","· Manufacturer","3.9","(55)","Maharashtra","· 02135 619 500","⋅ Opens 8:30 am Mon","Closed","""Nice staff.well behaved employees.Canteen , traveling also available.""","http://kelvion.com/","Website","https://www.google.com/maps/dir//KELVION+INDIA+PRIVATE+LIMITED,+Phase-IV,+Chakan+MIDC,+Nighoje,Khed+A-31%2F32,+Maharashtra+410501/data=!4m6!4m5!1m1!4e2!1m2!1m1!1s0x3bc2b64d8a6508eb:0x8319ce6f776d314a?sa=X&ved=1t:57443&ictx=111","Directions"
"Promethean Power Systems Pvt. Ltd.","· Manufacturer","4.6","(14)","Pune, Maharashtra","· 061751 28811","⋅ Opens 9 am Mon","Closed","","http://coolectrica.com/","Website","https://www.google.com/maps/dir//Promethean+Power+Systems+Pvt.+Ltd.,+gate+no.1021,+s.no.+363,+Hinjewadi+phase+1+Rd,+Rd,+opp.+Bharat+petroleum,+Phase+1,+Hinjawadi,+Pune,+Maharashtra+411057/data=!4m6!4m5!1m1!4e2!1m2!1m1!1s0x3bc2b99cf0c5f597:0xe6791703a13cf709?sa=X&ved=1t:57443&ictx=111","Directions"
"Trinity Engineers Pvt. Ltd.","· Manufacturer","3.8","(44)","Pimpri-Chinchwad, Maharashtra","· 020 6732 4104","⋅ Opens 9 am Sat","Closed","","http://www.trinityengineers.com/","Website","https://www.google.com/maps/dir//Trinity+Engineers+Pvt.+Ltd.,+1D,+Late+Dhodiba+Detter+Patil+Marg,+MIDC,+Chinchwad,+Pimpri-Chinchwad,+Maharashtra+411019/data=!4m6!4m5!1m1!4e2!1m2!1m1!1s0x3bc2b9d35a6bc925:0xc46a1218503b5ccb?sa=X&ved=1t:57443&ictx=111","Directions"
"Atlas Copco (India) Private Limited [formerly known as Atlas Copco (India) Limited]","· Air compressor supplier","4.3","(864)","Pune, Maharashtra","· 1800 120 110 030","⋅ Opens 9 am Mon","Closed","","https://www.atlascopco.com/en-in/compressors","Website","https://www.google.com/maps/dir//Atlas+Copco+(India)+Private+Limited+%5Bformerly+known+as+Atlas+Copco+(India)+Limited%5D,+Svea+Nagar,+Old+Mumbai+Rd,+Dapodi,+Pune,+Maharashtra+411012/data=!4m6!4m5!1m1!4e2!1m2!1m1!1s0x3bc2b8bd15abd777:0x435886cad9ee6232?sa=X&ved=1t:57443&ictx=111","Directions"
"Indoline Industries Pvt Ltd","· Furniture Manufacturer","3.7","(58)","Nashik, Maharashtra","· 0253 663 9100","⋅ Opens 9:30 am Sat","Closed","""#powertodeliver""","https://www.indoline.in/","Website","https://www.google.com/maps/dir//XQ62%2B69F+Indoline+Industries+Pvt+Ltd,+B-68%2F1,+MIDC,+Ambad,+State+Highway+27,+behind+Taj+Residency,+Flora+Town,+MIDC+Ambad,+Nashik,+Maharashtra+422010/data=!4m6!4m5!1m1!4e2!1m2!1m1!1s0x3bddeb56d8b24817:0x154dd6ffdc649b6e?sa=X&ved=1t:57443&ictx=111","Directions"
"Enprosyst Solution Pvt. Ltd.","· Manufacturer","4.4","(69)","Pimpri-Chinchwad, Maharashtra","· 097304 08640","⋅ Closes 5:30 am Sat","Open","""Best place to make equipment and projects like food ,Pharma,refinery""","https://www.enprosyst.net/","Website","https://www.google.com/maps/dir//Enprosyst+Solution+Pvt.+Ltd.,+Jyotiba+Nagar,+Talwade,+Pimpri-Chinchwad,+Maharashtra+411062/data=!4m6!4m5!1m1!4e2!1m2!1m1!1s0x3bc2b7707d9c637f:0xe7660e6cf33b21d5?sa=X&ved=1t:57443&ictx=111","Directions"
"Repute Engineers Pvt Ltd","· Food processing equipment","4.7","(45)","Pune, Maharashtra","· 020 6732 3202","⋅ Opens 9 am Sat","Closed","","http://reputeindia.com/","Website","https://www.google.com/maps/dir//Repute+Engineers+Pvt+Ltd,+12%2F23,+D-1+Block,+MIDC,+Chinchwad,+Pune,+Maharashtra+411019/data=!4m6!4m5!1m1!4e2!1m2!1m1!1s0x3bc2b82bffffffff:0x9c273153ff839845?sa=X&ved=1t:57443&ictx=111","Directions"
"Autoplant Systems India Pvt. Ltd.","· Software company","4.3","(70)","Navi Mumbai, Maharashtra","· 080997 77755","⋅ 6:30 pm","Closes soon","""Nice company for understanding supply chain and logistics operations.""","http://www.autoplant.in/","Website","https://www.google.com/maps/dir//1604,+16th+floor,+A+block,+Autoplant+Systems+India+Pvt.+Ltd.,+RUPA+SOLITAIRE,+Millenium+Business+Park,+Sector+2,+Kopar+Khairane,+Navi+Mumbai,+Maharashtra+400701/data=!4m6!4m5!1m1!4e2!1m2!1m1!1s0x3be7c0e4edf77843:0x89bb0e93fc811b9f?sa=X&ved=1t:57443&ictx=111","Directions"
"Cotmac Electronics","· Automation company","4.3","(155)","Pimpri-Chinchwad, Maharashtra","· 020 3068 7200","⋅ Opens 9 am Sat","Closed","""and its growing day by day.""","https://cotmac.io/","Website","https://www.google.com/maps/dir//Cotmac+Electronics,+S%2F168,+Indrayani+Nagar+Rd,+MIDC,+Bhosari,+Pimpri-Chinchwad,+Maharashtra+411026/data=!4m6!4m5!1m1!4e2!1m2!1m1!1s0x3bc2b87a3b8e55c3:0x91639eada6b803b?sa=X&ved=1t:57443&ictx=111","Directions"
"SLB Pune Technology Center (PUTC)","· Software company","4.5","(258)","Pune, Maharashtra","· 020 6744 7400","⋅ Opens 9 am Mon","Closed","""One of the best companies to work with for quality of work and life.""","https://www.slb.com/","Website","https://www.google.com/maps/dir//7th+floor+building+no,+SLB+Pune+Technology+Center+(PUTC),+4,+Jail+Press+Rd,+Yerawada,+Pune,+Maharashtra+411006/data=!4m6!4m5!1m1!4e2!1m2!1m1!1s0x3bc2c0dea9bcd143:0x418ab08f644f537?sa=X&ved=1t:57443&ictx=111","Directions"
"IndianOil","· Petrol Pump","5.0","(2)","Akhade, Maharashtra","· 090963 05999","⋅ Closes 10 pm","Open","","https://locator.iocl.com/indianoil-mahasai-mata-servo-petroleum-petrol-pump-akhade-dhule-207511/Contact-Us","Website","https://www.google.com/maps/dir//Stone+No+48,+IndianOil,+Ground+Floor+Nandurbar+Road,+Akhade,+Maharashtra+424305/data=!4m6!4m5!1m1!4e2!1m2!1m1!1s0x3bdefb24343875f7:0x8235c95cb9dbaaec?sa=X&ved=1t:57443&ictx=111","Directions"
"ACE PNEUMATICS PVT.LTD","· Mining equipment","4.6","(46)","Ahmadnagar, Maharashtra","· 080 4898 5551","⋅ Closes 12 am","Open","","http://www.acepneumatics.com/","Website","https://www.google.com/maps/dir//ACE+PNEUMATICS+PVT.LTD,+PLOT+NO+G-126+Nagapur,+MIDC,+Ahmadnagar,+Maharashtra+414111/data=!4m6!4m5!1m1!4e2!1m2!1m1!1s0x3bdcbbd42e2c5909:0x4ea645bf896d49aa?sa=X&ved=1t:57443&ictx=111","Directions"
"SJS Decoplast Pvt. Ltd.","· Auto body parts supplier","4.1","(70)","Karegaon, Ranjangaon, Maharashtra","· 02138 613 300","⋅ Opens 8 am Sat","Closed","","","","https://www.google.com/maps/dir//SJS+Decoplast+Pvt.+Ltd.,+Plot+No.+F-27+C,+MIDC,+Karegaon,+Ranjangaon,+Maharashtra+412220/data=!4m6!4m5!1m1!4e2!1m2!1m1!1s0x3bc32be28538fe25:0xd58fcb7dbd67f0ef?sa=X&ved=1t:57443&ictx=111","Directions"
"Arya Engineers & Contractors Pvt. Ltd.","· Engineering consultant","4.4","(108)","Pune, Maharashtra","· 020 4142 3101","⋅ Opens 9 am Mon","Closed","""... and Good company
its Developing Detailed Engineering company""","http://aryaengineers.com/","Website","https://www.google.com/maps/dir//S.No.+162,+Arya+Engineers+%26+Contractors+Pvt.+Ltd.,+SR+Chambers,+301,+Third+Floor,+4%2F5,+Nagras+Rd,+Above+Janaseva+Bank,+Aundh,+Pune,+Maharashtra+411067/data=!4m6!4m5!1m1!4e2!1m2!1m1!1s0x3bc2bfbefaaaaaab:0x912f2bcd60a2f2ee?sa=X&ved=1t:57443&ictx=111","Directions"
"New Indictrans Technologies Pvt. Ltd.","· Software company","4.7","(61)","Pune, Maharashtra","","⋅ Closes 8 pm","Open","","https://www.indictranstech.com/","Website","https://www.google.com/maps/dir//New+Indictrans+Technologies+Pvt.+Ltd.,+Varsha+Park,+D+27,+Baner+Road,+near+Bhairavee+Restaurant,+Gaon,+Baner,+Pune,+Maharashtra+411008/data=!4m6!4m5!1m1!4e2!1m2!1m1!1s0x3bc2bfca83a10af3:0x2f729feef0c9414a?sa=X&ved=1t:57443&ictx=111","Directions"
"Accurate Powertech India Pvt Ltd","· Supplier","4.7","(164)","Pimpri-Chinchwad, Maharashtra","· 098226 02449","⋅ Opens 9:30 am Sat","Closed","""Best Rental generator services Pan India.""","https://www.accurategensets.com/","Website","https://www.google.com/maps/dir//Accurate+Powertech+India+Pvt+Ltd,+Rohan+Tower,+4,5.6,+Old+Mumbai+-+Pune+Hwy,+opp.+Mega+Mart,+Phugewadi,+Dapodi,+Pimpri-Chinchwad,+Maharashtra+411012/data=!4m6!4m5!1m1!4e2!1m2!1m1!1s0x3bc2b8a579083e43:0x7cb4a941532aebbf?sa=X&ved=1t:57443&ictx=111","Directions"
"Advanced Bolting Solutions Pvt. Ltd.","· Supplier","4.6","(60)","Navi Mumbai, Maharashtra","· 082828 29795","⋅ 6:30 pm","Closes soon","","https://absgroup.in/","Website","https://www.google.com/maps/dir//Advanced+Bolting+Solutions+Pvt.+Ltd.,+A,+Plot+No+W116,+MIDC+Industrial+Area,+Kopar+Khairane,+Navi+Mumbai,+Maharashtra+400710/data=!4m6!4m5!1m1!4e2!1m2!1m1!1s0x3be7c0e13f10c127:0xfa2009825fe9c1b1?sa=X&ved=1t:57443&ictx=111","Directions"
"eClinicalWorks India Private Limited","· Software company","4.1","(923)","Mumbai, Maharashtra","","","Open 24 hours","""Leading and Growing company with advance knowledge in healthcare IT..""","https://www.eclinicalworks.com/","Website","https://www.google.com/maps/dir//eClinicalWorks+India+Private+Limited,+B+Wing,+7+Boomerang+Building,+Chandivali+Farm+Rd,+Near,+Chandivali,+Andheri+East,+Mumbai,+Maharashtra+400072/data=!4m6!4m5!1m1!4e2!1m2!1m1!1s0x3be7c80c0a3d5977:0xbe1e2162202d9d44?sa=X&ved=1t:57443&ictx=111","Directions"
"Straits Research Pvt Ltd","· Market researcher","3.9","(59)","Pune, Maharashtra","· 080870 85354","⋅ Closes 6 am Sat","Open","""Quality reports and consulting service, helped growing our FMCG business.""","https://straitsresearch.com/","Website","https://www.google.com/maps/dir//Office+515+A,+Straits+Research+Pvt+Ltd,+Amanora+Chambers,+Amanora+Mall,+Magarpatta+Rd,+Hadapsar,+Pune,+Maharashtra+411028/data=!4m6!4m5!1m1!4e2!1m2!1m1!1s0x3bc2eb3e631519a3:0x6770b9469024c519?sa=X&ved=1t:57443&ictx=111","Directions"
"Acme Process Systems Pvt Ltd.","· Manufacturer","4.8","(33)","Pune, Maharashtra","· 020 6732 3300","⋅ 6:30 pm","Closes soon","""One of best company to design pressure vessel, very friendly environment .""","http://www.acmeprocess.net/","Website","https://www.google.com/maps/dir//Plot+No.+E,+Acme+Process+Systems+Pvt+Ltd.,+6,+opposite+ICMR+%E2%80%93+National+Institute+of+Translational+Virology+and+AIDS+Research,+General+Block,+MIDC,+Bhosari,+Pune,+Maharashtra+411026/data=!4m6!4m5!1m1!4e2!1m2!1m1!1s0x3bc2c78a701d0195:0x44d14a382880cd42?sa=X&ved=1t:57443&ictx=111","Directions"
"Testo India Private Limited","· Manufacturer","3.9","(14)","Pune, Maharashtra","· 020 2592 0000","⋅ Opens 9 am Mon","Closed","","https://www.testo.com/en-IN/","Website","https://www.google.com/maps/dir//Plot+No.+23,+Testo+India+Private+Limited,+23,+Baner+Rd,+Sadhu+Vasvani+Nagar,+Aundh,+Pune,+Maharashtra+411007/data=!4m6!4m5!1m1!4e2!1m2!1m1!1s0x3bc2bf6056211847:0xd5a475ed8ec2e089?sa=X&ved=1t:57443&ictx=111","Directions"
"Skybiotech Life Sciences Pvt. Ltd.","· Pharmaceutical company","3.7","(21)","Chhatrapati Sambhajinagar, Maharashtra","· 0240 269 4466","⋅ Opens 9 am Sat","Closed","","https://www.skybiotech.net/","Website","https://www.google.com/maps/dir//Skybiotech+Life+Sciences+Pvt.+Ltd.,+Gut+No.+5,+Georai+Tanda,+Paithan+Road,+Chhatrapati+Sambhajinagar,+Maharashtra+431002/data=!4m6!4m5!1m1!4e2!1m2!1m1!1s0x3bdb9edfa78775b7:0xf26453f92cbc7af1?sa=X&ved=1t:57443&ictx=111","Directions"
"Kytes","· Software company","4.1","(62)","Pune, Maharashtra","· 076209 00522","⋅ Closes 8 pm","Open","""Best in class Project and Resource management solution.""","https://www.kytes.com/contact-page/","Website","https://www.google.com/maps/dir//2nd+floor,+Kytes,+Timeless+Building,+2091B%2F1A,+opp.+Symphony+Resto+Bar,+Ashok+Nagar,+Pune,+Maharashtra+411020/data=!4m6!4m5!1m1!4e2!1m2!1m1!1s0x3bc2c083aaaaaaab:0xd705a13b33018ed3?sa=X&ved=1t:57443&ictx=111","Directions"
"Tridev Resins (India) Private Limited","· Supplier","4.3","(4)","Vapi, Gujarat","· 099799 36256","⋅ Opens 9 am Sat","Closed","","https://www.tridevresins.com/","Website","https://www.google.com/maps/dir//2nd+Phase,+Tridev+Resins+(India)+Private+Limited,+Plot+no.+136%2FE-1,+GIDC,+Vapi,+Gujarat+396195/data=!4m6!4m5!1m1!4e2!1m2!1m1!1s0x3be0ce47e7ebffef:0xe8b6d3c26d99659d?sa=X&ved=1t:57443&ictx=111","Directions"
"Amusavi MTC Private Limited","· Chemical plant","","","Pune, Maharashtra","· 080 4764 5095","⋅ 7 pm","Closes soon","","https://www.amusavimtc.com/","Website","https://www.google.com/maps/dir//S.+No.+58,+Amusavi+MTC+Private+Limited,+plot+no+92+A,+Chovisawadi,+Charholi+Budruk,+Pune,+Maharashtra+412105/data=!4m6!4m5!1m1!4e2!1m2!1m1!1s0x3bc2c73c8f91a317:0xf20cedd486f5b74f?sa=X&ved=1t:57443&ictx=111","Directions"
"Travitons Technologies Pvt. Ltd.","· Software company","5.0","(12)","Pune, Maharashtra","· 087675 91548","⋅ Opens 10 am Mon","Closed","","http://travitons.com/","Website","https://www.google.com/maps/dir//Travitons+Technologies+Pvt.+Ltd.,+Primrose+Society,+RH-4,+behind+Prime+Rose+Mall+Lane,+Pune,+Maharashtra+411069/data=!4m6!4m5!1m1!4e2!1m2!1m1!1s0x3bc2bf5e4cad043d:0x38b6325b2f4b6f56?sa=X&ved=1t:57443&ictx=111","Directions"
"Triumph Systems and Solutions Private Limited","· Software company","3.3","(61)","Mumbai, Maharashtra","","⋅ 6:30 pm","Closes soon","","http://www.triumphsys.com/","Website","https://www.google.com/maps/dir//9th+Floor,+Triumph+Systems+and+Solutions+Private+Limited,+Crescent,+907+%26+908,+off+Andheri+Kurla+Road,+opp.+Hotel+The+Leela,+Andheri+East,+Mumbai,+Maharashtra+400059/data=!4m6!4m5!1m1!4e2!1m2!1m1!1s0x3be7c86ac15f58e7:0x53373447cefa018f?sa=X&ved=1t:57443&ictx=111","Directions"
"PlaceWell industrial services pvt ltd","· Employment center","4.3","(49)","Pune, Maharashtra","· 020 2712 5219","⋅ Opens 9:30 am Sat","Closed","","https://placewellservices.com/","Website","https://www.google.com/maps/dir//4th+floor,+PlaceWell+industrial+services+pvt+ltd,+Sagar+Corner,+14+abc,+nashik+phata,+near+Rajdhani+Motors,+Kasarwadi,+Pune,+Maharashtra+411034/data=!4m6!4m5!1m1!4e2!1m2!1m1!1s0x3bc2b8918aab4d4d:0xd007bd9d6fc4ad14?sa=X&ved=1t:57443&ictx=111","Directions"
"VGeotech Experts Pvt Ltd ( Top Soil & Geotechnical NABL lab and Consultant )","· Geotechnical Engineer","4.9","(352)","Chhatrapati Sambhajinagar, Maharashtra","· 074209 93590","","Open 24 hours","","http://www.vgeotechexperts.com/","Website","https://www.google.com/maps/dir//VGeotech+Experts+Pvt+Ltd+(+Top+Soil+%26+Geotechnical+NABL+lab+and+Consultant+),+Plot+No.+47,+VGeotech+Experts,+Mayur+Park,+Harsul,+Chhatrapati+Sambhajinagar,+Maharashtra+431008/data=!4m6!4m5!1m1!4e2!1m2!1m1!1s0x3bdbbdfd781b1259:0xf6b6eee83667a27?sa=X&ved=1t:57443&ictx=111","Directions"
"Kumars Forge & Valve","· Petroleum Products Company","3.7","(13)","Pune, Maharashtra","· 096898 91950","⋅ Opens 9 am Sat","Closed","","http://kumarsglobal.com/","Website","https://www.google.com/maps/dir//Kumars+Forge+%26+Valve,+Gat+no+54%2F6,+Biradwadi,+Ambethan+Road,,+Pune,+Maharashtra+410501/data=!4m6!4m5!1m1!4e2!1m2!1m1!1s0x3bc2b5f627abe07b:0x6981eff2b4d43818?sa=X&ved=1t:57443&ictx=111","Directions"
"h2e Power System Inc.","· Green energy supplier","4.8","(8)","Pune, Maharashtra","· 020 2605 7576","⋅ Opens 8 am Sat","Closed","","http://www.h2epower.net/","Website","https://www.google.com/maps/dir//GVJ6%2B5M5+h2e+Power+System+Inc.,+Sangamvadi,+Pune,+Maharashtra+411001/data=!4m6!4m5!1m1!4e2!1m2!1m1!1s0x3bc2c08a778ea657:0xf13600065edc86a4?sa=X&ved=1t:57443&ictx=111","Directions"
"PARASCADD Private Limited","· Software company","2.6","(135)","Mumbai, Maharashtra","· 088792 31111","⋅ 6:30 pm","Closes soon","","https://www.parascadd.com/","Website","https://www.google.com/maps/dir//PARASCADD+Private+Limited,+Helix+3,+402,+Lal+Bahadur+Shastri+Marg,+Ghatkopar+West,+Mumbai,+Maharashtra+400086/data=!4m6!4m5!1m1!4e2!1m2!1m1!1s0x3be7c7cfaaaaaaab:0xa3dc5a4ea5b329a7?sa=X&ved=1t:57443&ictx=111","Directions"
"eNix Software Pvt. Ltd.","· Software company","4.5","(13)","Navi Mumbai, Maharashtra","091993 02529","","","","https://www.enixsoftwareindia.com/","Website","https://www.google.com/maps/dir//eNix+Software+Pvt.+Ltd.,+Mayuresh+Chambers,+Sector+11,+CBD+Belapur,+Navi+Mumbai,+Maharashtra+400614/data=!4m6!4m5!1m1!4e2!1m2!1m1!1s0x3be7c2532fffffff:0x7608ccdf22095736?sa=X&ved=1t:57443&ictx=111","Directions"
"Chemex Chemicals - Importers & Suppliers of Chemicals in India","· Supplier","4.4","(7)","Mumbai, Maharashtra","· 083690 45230","","Open 24 hours","","https://www.chemexchemicals.com/","Website","https://www.google.com/maps/dir//1st+Floor,+Chemex+Chemicals+-+Importers+%26+Suppliers+of+Chemicals+in+India,+Udyog+Kshetra,+107,+Mulund+-+Goregaon+Link+Rd,+Mulund+West,+Mumbai,+Maharashtra+400080/data=!4m6!4m5!1m1!4e2!1m2!1m1!1s0x3be7b85c3c271adf:0x283c392eca990db?sa=X&ved=1t:57443&ictx=111","Directions"
"Pushpam Computers & Software Pvt. Ltd.","· Software company","4.4","(107)","Pune, Maharashtra","· 020 6731 1900","⋅ 6:30 pm","Closes soon","""All office needs like all systems""","http://www.pushpamcomputers.in/","Website","https://www.google.com/maps/dir//Pushpam+Computers+%26+Software+Pvt.+Ltd.,+635%2F1-B,+New+Gajara+Co-Op.+Society,+Swami+Vivekanand+Rd,+Bibwewadi,+Pune,+Maharashtra+411037/data=!4m6!4m5!1m1!4e2!1m2!1m1!1s0x3bc2eabd13233787:0x3d111feb02ea4dcb?sa=X&ved=1t:57443&ictx=111","Directions"
"Vet Biochem India Pvt Ltd","· Animal feed store","4.9","(7)","Pune, Maharashtra","· 080 4860 3639","⋅ 7 pm","Closes soon","","https://www.vetbiochem.in/","Website","https://www.google.com/maps/dir//Vet+Biochem+India+Pvt+Ltd,+Abhijeet+Court,+B+Wing,+2nd+Floor,+Office+No+3,+Bhandarkar+Road,+Pune,+Maharashtra+411004/data=!4m6!4m5!1m1!4e2!1m2!1m1!1s0x3bc2bf901a6ae385:0xf60bef268534bbc0?sa=X&ved=1t:57443&ictx=111","Directions"
"POONAM INSTRUMENTS PRIVATE LIMITED","· Measuring instruments supplier","5.0","(145)","Wadgaon Kolhati, Chhatrapati Sambhajinagar, Maharashtra","· 081499 22932","⋅ 7 pm","Closes soon","","http://www.poonaminstruments.com/","Website","https://www.google.com/maps/dir//POONAM+INSTRUMENTS+PRIVATE+LIMITED,+Plot+no.536,+Krishna+Marg,+CIDCO+Waluj+Mahanagar+1,+Waluj,+Wadgaon+Kolhati,+Chhatrapati+Sambhajinagar,+Maharashtra+431136/data=!4m6!4m5!1m1!4e2!1m2!1m1!1s0x3bdb99219b4355bd:0x5495d12de63b0bea?sa=X&ved=1t:57443&ictx=111","Directions"
"Qualitia Software Pvt. Ltd.","· Software company","4.7","(30)","Pune, Maharashtra","· 020 6727 8200","⋅ Opens 9 am Mon","Closed","","https://www.qualitia.ai/","Website","https://www.google.com/maps/dir//6th+Floor,+Qualitia+Software+Pvt.+Ltd.,+SAI+RADHE+COMPLEX,+Unit+601,+Raja+Bahadur+Motilal+Rd,+behind+Sheraton+Grand+Pune+Bund+Garden+Hotel,+Pune,+Maharashtra+411001/data=!4m6!4m5!1m1!4e2!1m2!1m1!1s0x3bc2c10d13529369:0x82abf200fbd65fd3?sa=X&ved=1t:57443&ictx=111","Directions"
"Dyna Filters Private Limited","· Air filter supplier","4.1","(21)","Pune, Maharashtra","· 093701 44760","⋅ Opens 9:30 am Sat","Closed","","http://www.dynafilters.com/","Website","https://www.google.com/maps/dir//Dyna+Filters+Private+Limited,+Plot+No.+14,15+and+20,+Ramtekdi+Industrial+Area,+Hadapsar,+Pune,+Maharashtra+411028/data=!4m6!4m5!1m1!4e2!1m2!1m1!1s0x3bc2c065a7c56561:0xd53e082b1e20b8e1?sa=X&ved=1t:57443&ictx=111","Directions"
"Afcons Infrastructure Limited","· Oil & natural gas company","4.5","(505)","Mumbai, Maharashtra","· 022 6719 1000","⋅ Opens 9 am Mon","Closed","""For which Afcons stays Pioneer in all construction giants in India.""","http://www.afcons.com/","Website","https://www.google.com/maps/dir//Afcons+Infrastructure+Limited,+Afcons+House,+16,+Veera+Desai+Rd,+Azad+Nagar,+Andheri+West,+Mumbai,+Maharashtra+400053/data=!4m6!4m5!1m1!4e2!1m2!1m1!1s0x3be7c7de4aa4bf97:0xaec0bb0f49928e49?sa=X&ved=1t:57443&ictx=111","Directions"
"Bharat Petroleum Corporation ltd","· Petrol Pump","4.0","(726)","Mumbai, Maharashtra","· 022 2412 5752","⋅ Closes 12 am","Open","""It is the cng pump""","https://locator.bharatpetroleum.com/bharat-petroleum-corporation-ltd-uganda-service-station-petrol-pump-wadala-west-mumbai-88339/Home?utm_source=locator&utm_medium=googleplaces","Website","https://www.google.com/maps/dir//Plot+No+44,+Bharat+Petroleum+Corporation+ltd,+R.A.+Kidwai+Marg,+near+Ajhad+Nagar,+Wadala+West,+Wadala,+Mumbai,+Maharashtra+400031/data=!4m6!4m5!1m1!4e2!1m2!1m1!1s0x3be7cf978ebb9301:0xb51c7ba9825d2971?sa=X&ved=1t:57443&ictx=111","Directions"
"Accurate Powertech India Pvt. Ltd.","· Manufacturer","5.0","(3)","Pune, Maharashtra","020 4676 1212","","","","http://www.accurategensets.com/","Website","https://www.google.com/maps/dir//Accurate+Powertech+India+Pvt.+Ltd.,+12,+Rahul+Chamber+,+Mumbai+Pune+Road,+Kasarwadi,+opposite+Forbes+Marshall,+Pune,+Maharashtra+411034/data=!4m6!4m5!1m1!4e2!1m2!1m1!1s0x3bc2b9b554392741:0xd0150057b7c6867c?sa=X&ved=1t:57443&ictx=111","Directions"
"Adroit Corporate Services Private Ltd","· Software company","3.7","(118)","Mumbai, Maharashtra","· 022 4227 0400","⋅ Closes 7:30 pm","Open","""I working in this organization from 4 year.""","http://www.adroitcorporate.com/","Website","https://www.google.com/maps/dir//Adroit+Corporate+Services+Private+Ltd,+18-20,+Jafferbhoy+Industrial+Estate,+Makwana+Rd,+Marol+Naka,+Andheri+East,+Mumbai,+Maharashtra+400059/data=!4m6!4m5!1m1!4e2!1m2!1m1!1s0x3be7c814bb0a6f3b:0x9e843a8ffc9a81c2?sa=X&ved=1t:57443&ictx=111","Directions"
"Alicon Castalloy Limited","· Manufacturer","3.6","(65)","Shirur, Shikrapur, Maharashtra","· 095035 85665","⋅ Closes 12 am","Open","""One of the best Aluminium Alloy ""","https://www.alicongroup.co.in/","Website","https://www.google.com/maps/dir//Gate+No.+1426,+Alicon+Castalloy+Limited,+Tal,+Shirur,+Shikrapur,+Maharashtra+412208/data=!4m6!4m5!1m1!4e2!1m2!1m1!1s0x3bc2da0625a8c665:0x50c914f665035600?sa=X&ved=1t:57443&ictx=111","Directions"
"Exporters Worlds - Best B2B portal in kanpur","· Supplier","4.0","(110)","Kanpur, Uttar Pradesh","· 099104 96831","⋅ 7 pm","Closes soon","","https://www.exportersworlds.com/","Website","https://www.google.com/maps/dir//Exporters+Worlds+-+Best+B2B+portal+in+kanpur,+J1%2F104,+near+by+cylinder+Chauraha,+Keshavpuram,+Awas+Vikas+Number+1,+Kalyanpur,+Kanpur,+Uttar+Pradesh+208017/data=!4m6!4m5!1m1!4e2!1m2!1m1!1s0x399c372abb463709:0x5aba2168817c8ba2?sa=X&ved=1t:57443&ictx=111","Directions"
"BHTC","· Software company","4.6","(125)","Pimpri-Chinchwad, Maharashtra","· 020 6631 5400","⋅ 7 pm","Closes soon","","http://www.bhtc.com/","Website","https://www.google.com/maps/dir//BHTC,+Block+T,+T51-T55,+MIDC,+Bhosari,+Pimpri-Chinchwad,+Maharashtra+411026/data=!4m6!4m5!1m1!4e2!1m2!1m1!1s0x3bc2b82bffffffff:0x90e68816688bbcb2?sa=X&ved=1t:57443&ictx=111","Directions"
"Tech Development IT Services","· Software company","4.8","(24)","Pune, Maharashtra","· 093595 40107","⋅ Opens 10 am Mon","Closed","","","","https://www.google.com/maps/dir//Tech+Development+IT+Services,+1,+Ground+Floor,+S.No.+16%2F6,+Pinnac+Apartment,+Vakil+Nagar,+Erandwane,+Pune,+Maharashtra+411004/data=!4m6!4m5!1m1!4e2!1m2!1m1!1s0x3bc2bff23fffffff:0xfb8bceaf773b5e0b?sa=X&ved=1t:57443&ictx=111","Directions"
"Hindustan Petroleum Corporation Limited","· Petrol Pump","4.1","(1.9K)","Mumbai, Maharashtra","· 090219 93569","","Open 24 hours","""Hindustan Petroleum Company's own Petrol pump with their staff.""","https://petrolpump.hpretail.in/hindustan-petroleum-corporation-limited-hp-service-center-bkc-petrol-pump-bandra-east-mumbai-387497/Home?utm_source=locator&utm_medium=googleplaces","Website","https://www.google.com/maps/dir//Hindustan+Petroleum+Corporation+Limited,+near+ICICI+Bank+North+Tower,+Bandra+Kurla+Complex,+Bandra+East,+Mumbai,+Maharashtra+400051/data=!4m6!4m5!1m1!4e2!1m2!1m1!1s0x3be7c8e65e81ade3:0x804c156de35fc9df?sa=X&ved=1t:57443&ictx=111","Directions"
"Montage Chemicals Pvt. Ltd","· Pharmaceutical company","2.0","(2)","Ambernath, Maharashtra","· 022 2173 3182","⋅ Opens 12 am Sat","Closed","","http://www.montagechemicals.com/","Website","https://www.google.com/maps/dir//Montage+Chemicals+Pvt.+Ltd,+W-38,+MIDC,+Morivali,+Ambernath,+Maharashtra+421501/data=!4m6!4m5!1m1!4e2!1m2!1m1!1s0x3be793714b801f39:0xa50e769fd86ddfaf?sa=X&ved=1t:57443&ictx=111","Directions"
"Denso thermal systems pune pvt ltd","· Title company","4.3","(24)","Shikrapur, Maharashtra","· 02137 618 921","⋅ Opens 8:30 am Mon","Closed","""This plant is located in Sanaswadi Pune""","http://www.denso.com/in/en/about-us/company-information/dtpu/","Website","https://www.google.com/maps/dir//Denso+thermal+systems+pune+pvt+ltd,+Gat+no-1228%2F2,+Shikrapur,+Maharashtra+412208/data=!4m6!4m5!1m1!4e2!1m2!1m1!1s0x3bc2da059332a403:0xa7435c7f02934ef?sa=X&ved=1t:57443&ictx=111","Directions"
"Xytel India | Turnkey Pilot Plants & Mini Plants","· Manufacturer","4.4","(60)","Pune, Maharashtra","· 090960 22433","⋅ Opens 9:30 am Mon","Closed","","http://www.xytelindia.com/","Website","https://www.google.com/maps/dir//Xytel+India+%7C+Turnkey+Pilot+Plants+%26+Mini+Plants,+Xytel+India,+EL-31%2F14,+J+Block,+Sector+10,+MIDC,+Bhosari,+Pune,+Maharashtra+411026/data=!4m6!4m5!1m1!4e2!1m2!1m1!1s0x3bc2b873a957c781:0x3a8374928df8cb0b?sa=X&ved=1t:57443&ictx=111","Directions"
"Hindustan Petroleum Corporation Limited","· Petrol Pump","4.0","(1K)","Lonavala, Pune, Maharashtra","· 098222 72244","","Open 24 hours","""Excellent service 24 hr permitted company petrol pump.""","https://petrolpump.hpretail.in/hindustan-petroleum-corporation-limited-hp-fuel-centre-petrol-pump-lonavala-pune-97307/Home?utm_source=locator&utm_medium=googleplaces","Website","https://www.google.com/maps/dir//Hindustan+Petroleum+Corporation+Limited,+NH+4,+Old+Mumbai+-+Pune+Hwy,+opposite+Kailash+Parwat+Hotel,+Lonavala,+Pune,+Maharashtra+410401/data=!4m6!4m5!1m1!4e2!1m2!1m1!1s0x3be801065cfc11d1:0xead4acd4cffdb732?sa=X&ved=1t:57443&ictx=111","Directions"
"DECCALEAP TECHNOLOGIES LLP","· Fire protection equipment supplier","4.8","(28)","Pune, Maharashtra","· 020 6704 3838","⋅ Opens 9 am Mon","Closed","""Looking forward to see you Deccaleap Technologies Team & Management again.""","https://deccaleap.com/","Website","https://www.google.com/maps/dir//DECCALEAP+TECHNOLOGIES+LLP,+Deccaleap+House,+S.No.38,+Ahead+of+Westin+Hotel,+next+to+Nanda+Dental+Care,+Koregaon+Park+Annexe,+Ghorpadi,+Pune,+Maharashtra+411036/data=!4m6!4m5!1m1!4e2!1m2!1m1!1s0x3bc2c1860c357b85:0xedf8d151457935c8?sa=X&ved=1t:57443&ictx=111","Directions"
"Affirm Services","· Employment agency","4.3","(10)","Pune, Maharashtra","· 020 2616 9628","⋅ Opens 9 am Sat","Closed","","","","",""
"Nashik Thermal Power Station (NTPS)","· Power station","4.2","(64)","Nashik, Maharashtra","","","Open 24 hours","""One of the oldest thermal power generation plant in maharashtra.""","","","https://www.google.com/maps/dir//XVJR%2B9RQ+Nashik+Thermal+Power+Station+(NTPS),+NTPS+Colony,+Nashik,+Maharashtra+422105/data=!4m6!4m5!1m1!4e2!1m2!1m1!1s0x3bddc08977049c6b:0x721035c80dd0080?sa=X&ved=1t:57443&ictx=111","Directions"
"BelleGirl LifeStyle PVT. LTD.","· Software company","4.6","(85)","Virar, Maharashtra","· 091686 91256","⋅ Closes 8 pm","Open","","https://bellegirllifestyle.com/","Website","https://www.google.com/maps/dir//Ground+floor,+BelleGirl+LifeStyle+PVT.+LTD.,+Janardhan+Smruti+Banglow,+House+No-AG01%2F314,+Agashi+Rd,+near+Purapada+Ground,+Virar,+Maharashtra+401301/data=!4m6!4m5!1m1!4e2!1m2!1m1!1s0x3be7aa266970c883:0x1634780cb412fadb?sa=X&ved=1t:57443&ictx=111","Directions"
"Pilon Engineering - UNIT- 1","· Manufacturer","3.9","(12)","Pune, Maharashtra","","⋅ Opens 9 am Sat","Closed","","https://pilonengineering.com/","Website","https://www.google.com/maps/dir//Pilon+Engineering+-+UNIT-+1,+Plot+No+:+513,+2%2F1,+J+Block,+MIDC,+Bhosari,+Pune,+Maharashtra+411026/data=!4m6!4m5!1m1!4e2!1m2!1m1!1s0x3bc2b938628409fd:0x1c18e36733158d27?sa=X&ved=1t:57443&ictx=111","Directions"
"Bharat Forge Limited","· Foundry","4.4","(1.1K)","Pune, Maharashtra","· 020 6704 2777","⋅ Opens 8:30 am Sat","Closed","""One of the leading  in defence sector.""","https://www.bharatforge.com/","Website","https://www.google.com/maps/dir//Bharat+Forge+Limited,+State+Highway+5,+Mundhwa,+Pune,+Maharashtra+411036/data=!4m6!4m5!1m1!4e2!1m2!1m1!1s0x3bc2c22d00000001:0xf27545f73895c8f8?sa=X&ved=1t:57443&ictx=111","Directions"
"StartupTalky","· Media company","4.7","(102)","Kasavanahalli, Karnataka","","","Open 24 hours","","https://startuptalky.com/","Website","https://www.google.com/maps/dir//StartupTalky,+1st+Cross+Rd,+Kasavanahalli,+Karnataka+560035/data=!4m6!4m5!1m1!4e2!1m2!1m1!1s0x3bae15f2d67bcdc5:0x31b09760122fdb92?sa=X&ved=1t:57443&ictx=111","Directions"
"Tata Autocomp Hendrickson Suspension Pvt. Ltd.","· Truck parts supplier","4.1","(131)","Pune, Maharashtra","· 02135 670 670","⋅ Opens 8 am Sat","Closed","","https://tataautocomp.com/thsl/","Website","https://www.google.com/maps/dir//Tata+Autocomp+Hendrickson+Suspension+Pvt.+Ltd.,+679%2F2,+Chakan+Alandi+Rd,+Kurali,+Pune,+Maharashtra+412105/data=!4m6!4m5!1m1!4e2!1m2!1m1!1s0x3bc2c9c414d5dfbf:0xfc381355df21b35f?sa=X&ved=1t:57443&ictx=111","Directions"
"Digital Convergence Technologies (DCT Inc)","· Software company","4.2","(114)","Pune, Maharashtra","· 020 6686 9999","⋅ Closes 11 pm","Open","""This is good company @DCT for everyone to stay for long term.""","","","https://www.google.com/maps/dir//Survey+No.+93,+Digital+Convergence+Technologies+(DCT+Inc),+Sai+Hira+Apartments,+Second+Floor,+Mundhwa,+Pune,+Maharashtra+411036/data=!4m6!4m5!1m1!4e2!1m2!1m1!1s0x3bc2c146b8282aab:0xa74a136eb4fb92a2?sa=X&ved=1t:57443&ictx=111","Directions"
"Easyleadz","· Software company","3.9","(18)","Gurugram, Haryana","","⋅ Closes 7:30 pm","Open","""(80..9.9.86..0.0.61 )👉  CUSTOMER CARE NUMBER 👈""","http://www.easyleadz.com/","Website","https://www.google.com/maps/dir//Easyleadz,+Creators+Gurukul,+Main+Road+Opp+pillar+no+33-34,+Rapid+metro+phase+2+station,+DLF+Phase+2,+Gurugram,+Haryana+122002/data=!4m6!4m5!1m1!4e2!1m2!1m1!1s0x390d196644af360d:0xdd7a95cd54df4e27?sa=X&ved=1t:57443&ictx=111","Directions"
"IndianOil","· Petrol Pump","3.7","(4.7K)","Thane, Maharashtra","· 098676 73267","","Open 24 hours","""Indian  Petrol pump that provides premium petrol too.""","https://locator.iocl.com/indianoil-unique-filling-point-petrol-pump-mira-thane-183109/Home?utm_source=locator&utm_medium=googleplaces","Website","https://www.google.com/maps/dir//Lock+No+21020,+IndianOil,+Mira+Bhayander+Link+Rd,+Mira+Road+East,+Thane,+Maharashtra+401104/data=!4m6!4m5!1m1!4e2!1m2!1m1!1s0x3be7b043e802df5d:0xe09e3551ece41a45?sa=X&ved=1t:57443&ictx=111","Directions"