"OSrXXb","rllt__details","yi40Hd","RDApEe","rllt__details 2","rllt__details 3","rllt__details 4","rllt__details 5","uDyWh","yYlJEf href","BSaJxc","yYlJEf href 2","UbRuwe","BI0Dve"
"Britannia Industries Limited","· Food manufacturer","4.2","(200)","Delhi","· 011 7156 8000","⋅ Opens 9:30 am Sat","Closed","""Iconic industry now modified according to new technology, awesome""","http://britannia.co.in/","Website","https://www.google.com/maps/dir//M5P2%2B67C+Britannia+Industries+Limited,+Shakur+Basti,+Dr+Lohia+Industrial+Area,+Keshav+Puram,+Shakurpur,+Delhi,+110035/data=!4m6!4m5!1m1!4e2!1m2!1m1!1s0x390d024abb8b2ca1:0xb0a23b31e228ae21?sa=X&ved=1t:57443&ictx=111","Directions",""
"Ziplite Footcare Industries","· Shoe factory","4.9","(33)","Delhi","· 099119 94486","⋅ Closes 9 pm","Open","""Provide good service.""","http://www.ziplitefootwear.com/","Website","https://www.google.com/maps/dir//Ziplite+Footcare+Industries,+T-1%2F81,+Mangol+Puri+Industrial+Area+Phase+I,+Mangolpuri,+Delhi,+110083/data=!4m6!4m5!1m1!4e2!1m2!1m1!1s0x390d041194d4af27:0xac2f725c7f05231f?sa=X&ved=1t:57443&ictx=111","Directions",""
"Candes Technology Private Limited","· Electronics Company","2.6","(715)","New Delhi, Delhi","· 093102 17042","","Open 24 hours","","https://candesworld.com/","Website","https://www.google.com/maps/dir//Candes+Technology+Private+Limited,+402,+Crown+Heights+,+Plot+No.3B1+,+Twin+District+Centre,+Sector+10,+Rohini,+New+Delhi,+Delhi+110085/data=!4m6!4m5!1m1!4e2!1m2!1m1!1s0x390d078d94eb2bef:0x696d2f4a1f0745f0?sa=X&ved=1t:57443&ictx=111","Directions","On-site services"
"Rajdhani Flour Mills Limited","· Flour mill","4.3","(146)","Delhi","· 011 4901 9999","⋅ Opens 9 am Sat","Closed","""It's a good food products manufacturing company.""","http://www.rajdhanibesan.com/","Website","https://www.google.com/maps/dir//Rajdhani+Flour+Mills+Limited,+B-30,+Lawrence+Road+Industrial+Area,+Delhi,+110035/data=!4m6!4m5!1m1!4e2!1m2!1m1!1s0x390d03b38cf5de9b:0x269bc9f85dbc4490?sa=X&ved=1t:57443&ictx=111","Directions",""
"SWEET KING INDIA L.L.P.","· Manufacturer","4.9","(171)","New Delhi, Delhi","· 097160 09900","","Open 24 hours","","https://www.sweetkingindia.in/","Website","https://www.google.com/maps/dir//SWEET+KING+INDIA+L.L.P.,+C-4,+S.M.A+Industrial+Estate,+GT+Karnal+Rd,+New+Delhi,+Delhi+110033/data=!4m6!4m5!1m1!4e2!1m2!1m1!1s0x390d0197578da977:0x644d56cfce1598ae?sa=X&ved=1t:57443&ictx=111","Directions","In-store shopping"
"JINDAL INDUSTRIES","· Manufacturer","4.8","(34)","Delhi","· 098188 54511","⋅ Opens 9:30 am Sat","Closed","","https://www.jindalmotors.com/","Website","https://www.google.com/maps/dir//B,+JINDAL+INDUSTRIES,+38,+Lawrence+Rd,+near+Britannia+Road,+CHOCK,+Delhi,+110035/data=!4m6!4m5!1m1!4e2!1m2!1m1!1s0x390d0311cbae76ef:0xee7c75a13ac120ed?sa=X&ved=1t:57443&ictx=111","Directions",""
"S B Packagings Pvt Ltd","· Manufacturer","4.2","(32)","New Delhi, Delhi","· 099711 52695","⋅ Opens 10 am Sat","Closed","""Very Best flexible packaging Company""","http://www.sbpackagings.com/","Website","https://www.google.com/maps/dir//3rd+Floor,+S+B+Packagings+Pvt+Ltd,+Vardhman+Western+Plaza,+Inder+Enclave,+Paschim+Vihar,+New+Delhi,+Delhi+110087/data=!4m6!4m5!1m1!4e2!1m2!1m1!1s0x390d0493992b85ed:0xf1b7e9753a0ff2d7?sa=X&ved=1t:57443&ictx=111","Directions",""
"Parteek Industries","· Stationery manufacturer","4.3","(69)","Delhi","· 080 4895 6602","⋅ Opens 9:30 am Sat","Closed","""Had a great experience dealing with parteek industries""","http://www.maksontape.com/","Website","https://www.google.com/maps/dir//Parteek+Industries,+Bd+41+a,+Police+Quarters+Rd,+Shalimar+Bagh,+Delhi,+110088/data=!4m6!4m5!1m1!4e2!1m2!1m1!1s0x390d018456cf0859:0x27b09aba5d564cd1?sa=X&ved=1t:57443&ictx=111","Directions",""
"Victoria Foods Pvt. Ltd.","· Food products supplier","4.0","(94)","New Delhi, Delhi","· 011 4532 5500","⋅ Opens 9:30 am Sat","Closed","""Well managed.""","http://www.rajdhanigroup.com/","Website","https://www.google.com/maps/dir//Victoria+Foods+Pvt.+Ltd.,+B-32,+Lawrence+Rd,+New+Delhi,+Delhi+110035/data=!4m6!4m5!1m1!4e2!1m2!1m1!1s0x390cfd12a6db47e7:0x51279bfc659938eb?sa=X&ved=1t:57443&ictx=111","Directions",""
"G M Industries","· Manufacturer","5.0","(31)","New Delhi, Delhi","· 098992 20268","⋅ Opens 9 am Sat","Closed","""Very Good Company for Die Mold Making""","https://godmotherindustries.com/","Website","https://www.google.com/maps/dir//C52,+G+M+Industries,+Back+Side,+Mayapuri+Industrial+Area+Phase+II,+New+Delhi,+Delhi+110064/data=!4m6!4m5!1m1!4e2!1m2!1m1!1s0x390d03383b266bfd:0x2a9d6706ee27ee50?sa=X&ved=1t:57443&ictx=111","Directions",""
"Omflex - Flexible Packaging Material","· Manufacturer","3.4","(28)","New Delhi, Delhi","· 097119 72295","⋅ Closes 9 pm","Open","""Super experience with Omflex on my new project.""","http://www.omflex.com/","Website","https://www.google.com/maps/dir//Omflex+-+Flexible+Packaging+Material,+B-196,+Okhla+Phase+I,+New+Delhi,+Delhi+110020/data=!4m6!4m5!1m1!4e2!1m2!1m1!1s0x390ce14e15555553:0x213a25bee29b823e?sa=X&ved=1t:57443&ictx=111","Directions",""
"SETHI ENTERPRISES","· Manufacturer","4.9","(128)","Delhi","· 084477 97948","⋅ 8 pm","Closes soon","","http://www.sethihosiery.com/","Website","https://www.google.com/maps/dir//Khasra+no.+1144,+SETHI+ENTERPRISES,+Shri+Jagdamba+Market,+Office+no.+41,+F.F,+near+Tvs+showroom,+Rithala,+Delhi,+110085/data=!4m6!4m5!1m1!4e2!1m2!1m1!1s0x390d07602b1b84b5:0xa3bfa8d7e0dad2bd?sa=X&ved=1t:57443&ictx=111","Directions","On-site services"
"Sakarni Plaster India Pvt.Ltd","· Cement Manufacturer","4.4","(180)","New Delhi, Delhi","· 011 4790 8032","⋅ Closes 9 pm","Open","""My house is looking fabulous and newly constructed.""","https://sakarni.com/","Website","https://www.google.com/maps/dir//Sakarni+Plaster+India+Pvt.Ltd,+WZ-446%2F337+Srinagar+Extension+Shakurpur,+Shakur+Basti,+New+Delhi,+Delhi+110034/data=!4m6!4m5!1m1!4e2!1m2!1m1!1s0x390cfd309eebed77:0x8649566cb6d836ea?sa=X&ved=1t:57443&ictx=111","Directions",""
"Paramount Instruments Private Limited","· Manufacturer","4.8","(386)","Delhi","· 099999 91080","⋅ Opens 9:30 am Sat","Closed","""Wonderful machines for textile and other industries.""","https://paramountinstruments.com/","Website","https://www.google.com/maps/dir//Ground+Floor,+Paramount+Instruments+Private+Limited,+B-3%2F45,+near+Jwalaheri,+Paschim+Vihar,+Delhi,+110063/data=!4m6!4m5!1m1!4e2!1m2!1m1!1s0x390d039715555555:0xd91390d22e553fc3?sa=X&ved=1t:57443&ictx=111","Directions",""
"GOLD PLUS GLASS INDUSTRY LIMITED","· Glass manufacturer","3.9","(58)","New Delhi, Delhi","· 011 6637 6000","⋅ Opens 9 am Sat","Closed","""This is the best company in all terms, fresher can learn a lot from there.""","http://www.goldplusgroup.com/","Website","https://www.google.com/maps/dir//4th,+GOLD+PLUS+GLASS+INDUSTRY+LIMITED,+Kings+Mall,+Sector+10,+Rohini,+New+Delhi,+Delhi+110085/data=!4m6!4m5!1m1!4e2!1m2!1m1!1s0x390d016440000001:0x6bc8dbeb299c4177?sa=X&ved=1t:57443&ictx=111","Directions",""
"XO Footwear Pvt. Ltd.","· Shoe factory","4.2","(58)","Delhi","· 011 2701 1792","⋅ Opens 9:30 am Sat","Closed","","https://xofootwear.com/","Website","https://www.google.com/maps/dir//XO+Footwear+Pvt.+Ltd.,+A-122,+Mangolpuri+Industrial+Area+Phase+II,+Mangolpuri,+Delhi,+110083/data=!4m6!4m5!1m1!4e2!1m2!1m1!1s0x390d041165555555:0x5aaed205c44218ed?sa=X&ved=1t:57443&ictx=111","Directions",""
"KAY KAY INDUSTRIES","· Manufacturer","4.9","(244)","New Delhi, Delhi","· 093191 84974","⋅ Opens 10 am Sat","Closed","""Most recommended product high educational manikin.""","https://www.spinemodelmanufacturers.com/","Website","https://www.google.com/maps/dir//KAY+KAY+INDUSTRIES,+Rz+B-9,+Dabri+-+Palam+Rd,+Vijay+Enclave,+New+Delhi,+Delhi+110045/data=!4m6!4m5!1m1!4e2!1m2!1m1!1s0x390d1b478d5dd4b7:0x49217511d188422a?sa=X&ved=1t:57443&ictx=111","Directions",""
"General Plastic Industries LLP","· Plastic Injection Molding Workshop","4.2","(76)","New Delhi, Delhi","· 099996 00619","⋅ Opens 9 am Sat","Closed","""Highly recommend for anyone seeking reliable manufacturing solutions.""","https://www.generalplastic.in/","Website","https://www.google.com/maps/dir//General+Plastic+Industries+LLP,+Metro+Station,+Street+No.+-+3,+Plot+No.+-+67,+GT+Karnal+Rd,+near+Jahangir+Puri,+Rajasthan+Udyog+Nagar,+New+Delhi,+Delhi+110033/data=!4m6!4m5!1m1!4e2!1m2!1m1!1s0x390d019780af1a6b:0x61a6ebab93ff600c?sa=X&ved=1t:57443&ictx=111","Directions",""
"Hosper Modular Switches - Delhi - Unit 1 - Bharat Electrical Industries","· Manufacturer","4.8","(569)","Delhi","· 070423 45656","","Open 24 hours","""And it is  really  a good platform to start new electrical business.""","https://www.hosper.in/","Website","https://www.google.com/maps/dir//Hosper+Modular+Switches+-+Delhi+-+Unit+1+-+Bharat+Electrical+Industries,+Near:+Peera+Garhi+Metro+Station,+F1,+Mangolpuri+Industrial+Area+Phase+II,+Phase+2,+Pocket+BC,+Delhi,+110083/data=!4m6!4m5!1m1!4e2!1m2!1m1!1s0x390d040bb6fb7d47:0x31de30b3269c1c3e?sa=X&ved=1t:57443&ictx=111","Directions",""
"Salve Pharmaceuticals","· Beauty Products Wholesaler","4.8","(179)","New Delhi, Delhi","· 011 4736 9005","⋅ Opens 9 am Sat","Closed","""Ltd this company making great products""","https://salvepharma.com/","Website","https://www.google.com/maps/dir//Salve+Pharmaceuticals,+301-A,+Prop.+No.48,+Second+Floor,+Rama+Rd,+Najafgarh+Road+Industrial+Area,+New+Delhi,+Delhi+110015/data=!4m6!4m5!1m1!4e2!1m2!1m1!1s0x390d021501aca187:0x130c2355b0a0788f?sa=X&ved=1t:57443&ictx=111","Directions",""
"","","","","","","","","","","","","",""
"","","","","","","","","","","","","",""
"ASV Engineering","· Machine shop","4.7","(514)","New Delhi, Delhi","· 072898 99602","⋅ Closes 9 pm","Open","","https://www.asvrengineering.com/","Website","https://www.google.com/maps/dir//ASV+Engineering,+Nangloi+Railway+Metro+Station+Near+-+Sonia+Hospital,+New+Delhi,+Delhi+110041/data=!4m6!4m5!1m1!4e2!1m2!1m1!1s0x390d05918e0e9d05:0x119b23d1f5586e83?sa=X&ved=1t:57443&ictx=111","Directions","On-site services"
"Indo Chemicals Pvt. Ltd.","· Chemical Manufacturer","4.7","(79)","Delhi","· 095602 92200","⋅ Opens 10 am Sat","Closed","""Great company they always deliver their commitments on time""","https://indocal.in/","Website","https://www.google.com/maps/dir//Indo+Chemicals+Pvt.+Ltd.,+Ring+Road+Mall,+427-428,+Mangalam+Place,+Rohini,+Delhi,+110085/data=!4m6!4m5!1m1!4e2!1m2!1m1!1s0x390d06d006a14475:0x33fb65ef16f43d0b?sa=X&ved=1t:57443&ictx=111","Directions",""
"CHAIR CRAFT INDIA PRIVATE LIMITED","· Furniture Manufacturer","5.0","(105)","Delhi","· 093569 00007","⋅ 8 pm","Closes soon","""Good quality and timely delivered""","http://www.chaircraft.in/","Website","https://www.google.com/maps/dir//CHAIR+CRAFT+INDIA+PRIVATE+LIMITED,+B-201+Mansarovar+garden,+Kirti+Nagar,+Delhi,+110015/data=!4m6!4m5!1m1!4e2!1m2!1m1!1s0x390d03f05e90f325:0x607808d49eeada5c?sa=X&ved=1t:57443&ictx=111","Directions",""
"Gupta Glass Enterprises - Toughened Glass Manufacturer in Delhi","· Glass manufacturer","4.6","(37)","New Delhi, Delhi","","","Open 24 hours","""They were professional, timely, and easy to work with.""","http://www.theguptaglass.com/","Website","https://www.google.com/maps/dir//Gupta+Glass+Enterprises+-+Toughened+Glass+Manufacturer+in+Delhi,+National+Highway+10,+Rajdhani+Park,+New+Delhi,+Delhi+110041/data=!4m6!4m5!1m1!4e2!1m2!1m1!1s0x390d05ce8fffffff:0xcb071cd42ca4c67b?sa=X&ved=1t:57443&ictx=111","Directions",""
"Surjeet International","· Manufacturer","4.7","(391)","Delhi","099111 11013","","","""I had a best experience with the company and management.""","http://surjeetinternational.com/","Website","https://www.google.com/maps/dir//Surjeet+International,+Peeragarhi+Village,+Paschim+Vihar,+Delhi/data=!4m6!4m5!1m1!4e2!1m2!1m1!1s0x390d046915555555:0x781f7295c13aee5?sa=X&ved=1t:57443&ictx=111","Directions",""
"Sk exports","· Exporter","3.8","(10K)","New Delhi, Delhi","· 084678 98989","⋅ Opens 10:30 am Sat","Closed","","https://riceexporters.co/","Website","https://www.google.com/maps/dir//Sk+exports,+123,+First+Floor,+D+Mall+Near+Netaji+Subhash+Place+Metro+Station,+Pitampura,+New+Delhi,+Delhi+110034/data=!4m6!4m5!1m1!4e2!1m2!1m1!1s0x390d014556e631d3:0x41288a0e9ec0ced2?sa=X&ved=1t:57443&ictx=111","Directions","On-site services"
"Bake Factory","·  · Bakery and Cake Shop","4.3","(295)","New Delhi, Delhi","· 095826 06069","₹1–200","Open","","","","https://www.google.com/maps/dir//Bake+Factory,+Jain+Bhawan,+II%2F55%2F16-17,+New+Delhi,+Delhi+110010/data=!4m6!4m5!1m1!4e2!1m2!1m1!1s0x390d1cbee2eb96d1:0xa2e51e8e97903710?sa=X&ved=1t:57443&ictx=111","Directions",""
"Bhagwati Lighting Industries","· Light bulb supplier","3.9","(931)","New Delhi, Delhi","· 011 4150 0563","⋅ Opens 10 am Sat","Closed","""This company is very amazing for business purposes""","https://www.bhagwati.org/","Website","https://www.google.com/maps/dir//Bhagwati+Lighting+Industries,+H-4,+UDYOG+NAGAR,+near+METRO+PILLAR+NO.+320,+Industrial+Area,+New+Delhi,+Delhi+110041/data=!4m6!4m5!1m1!4e2!1m2!1m1!1s0x390d04314f3102bb:0x612684c15e53ea2a?sa=X&ved=1t:57443&ictx=111","Directions",""
"OM ENGINEERING WORKS - Industrial Gearbox Manufacturer & Supplier in Delhi India","· Industrial equipment supplier","4.9","(13)","New Delhi, Delhi","· 088607 05952","⋅ Closes 10 pm","Open","""Om engineering works provide excellent service to the customer.""","https://www.omengineeringworks.in/","Website","https://www.google.com/maps/dir//OM+ENGINEERING+WORKS+-+Industrial+Gearbox+Manufacturer+%26+Supplier+in+Delhi+India,+E-14,+Mayapuri+Industrial+Area+Phase+II,+Mayapuri,+New+Delhi,+Delhi+110064/data=!4m6!4m5!1m1!4e2!1m2!1m1!1s0x390d034dd447bc8b:0xd9145dc2194a680a?sa=X&ved=1t:57443&ictx=111","Directions",""
"JMV PAPERS PRIVATE LIMITED","· Paper mill","4.6","(45)","Delhi","· 070655 38929","⋅ Opens 9 am Sat","Closed","""Its durability and uniformity were notable, making it ideal for my projects.""","http://jmvpapers.com/","Website","https://www.google.com/maps/dir//Floor+Block+C,+Pocket,+JMV+PAPERS+PRIVATE+LIMITED,+House+No.+41,+First,+4,+Sector+11,+Rohini,+Delhi,+110085/data=!4m6!4m5!1m1!4e2!1m2!1m1!1s0x390d06b612555555:0x2ac51272a456bf31?sa=X&ved=1t:57443&ictx=111","Directions",""
"SHAH SATNAM JI ENGINEERING WORKS","· Manufacturer","4.9","(71)","Delhi","· 098119 35781","⋅ Opens 9 am Sat","Closed","""Machines and their performance is excellent.""","http://www.shahsatnamjimachines.com/","Website","https://www.google.com/maps/dir//SHAH+SATNAM+JI+ENGINEERING+WORKS,+Plot.+No.-+1555,+Pooth+Kalan+Extension,+Near+Rohini+Sec+20,+Pocket+16+Opposite+Mother+Dairy+New+Delhi,+Rohini,+Delhi,+110086/data=!4m6!4m5!1m1!4e2!1m2!1m1!1s0x390d03aa94c11b95:0x266bb5de62f409f7?sa=X&ved=1t:57443&ictx=111","Directions",""
"Akums Drugs & Pharmaceuticals Limited","· Pharmaceutical company","4.2","(88)","Delhi","· 011 4751 1000","⋅ Opens 9:30 am Sat","Closed","""Good company, nice business.""","https://www.akums.in/","Website","https://www.google.com/maps/dir//Akums+Drugs+%26+Pharmaceuticals+Limited,+304,+Mohan+Place,+L.S.C.+Block-C,+Saraswati+Vihar,+Delhi+110034/data=!4m6!4m5!1m1!4e2!1m2!1m1!1s0x390d03dd6bed111f:0x786e2d81476863f6?sa=X&ved=1t:57443&ictx=111","Directions",""
"Airfilt Technologies Pvt Limited : Manual, Centralized Dust Collector Manufacturer in Delhi India","· Manufacturer","5.0","(36)","New Delhi, Delhi","· 098100 22361","⋅ Opens 9 am Sat","Closed","""Their dust collectors are -notch, improving our workspace significantly.""","https://www.airfilt.net/","Website","https://www.google.com/maps/dir//Airfilt+Technologies+Pvt+Limited+:+Manual,+Centralized+Dust+Collector+Manufacturer+in+Delhi+India,+C51,+Bali+Nagar,+New+Delhi,+Delhi+110015/data=!4m6!4m5!1m1!4e2!1m2!1m1!1s0x390d030b694d8819:0xb9ddde59a410baa0?sa=X&ved=1t:57443&ictx=111","Directions",""
"Koyo lubricants ltd. | Car & Bike Engine Oil Manufacturer","· Manufacturer","4.9","(17)","New Delhi, Delhi","· 093134 68628","⋅ 8 pm","Closes soon","""Best oil lubricant manufacturing""","http://www.toprolgreaseoil.com/","Website","https://www.google.com/maps/dir//Koyo+lubricants+ltd.+%7C+Car+%26+Bike+Engine+Oil+Manufacturer,+A-91,+Rajdhani+Park,+Nangloi,+New+Delhi,+Delhi+110041/data=!4m6!4m5!1m1!4e2!1m2!1m1!1s0x390d05fa939a5359:0xfa7ca8ca89e108fe?sa=X&ved=1t:57443&ictx=111","Directions",""
"Titan Biotech Limited - Manufacturer & Exporter of Biological Products","· Manufacturer","3.7","(23)","New Delhi, Delhi","· 011 7123 9900","⋅ Opens 10 am Sat","Closed","""Amazing company to work""","https://titanbiotechltd.com/","Website","https://www.google.com/maps/dir//Titan+Biotech+Limited+-+Manufacturer+%26+Exporter+of+Biological+Products,+903-909,+9th+Floor,+Bigjos+Tower,+Netaji+Subhash+Place,+New+Delhi,+Delhi+110034/data=!4m6!4m5!1m1!4e2!1m2!1m1!1s0x390d0233859dce33:0xc68171bcb73e13?sa=X&ved=1t:57443&ictx=111","Directions",""
"Auto Pickup","· Manufacturer","4.5","(196)","New Delhi, Delhi","· 080764 69618","⋅ Opens 9:30 am Sat","Closed","","https://www.autopickup.in/","Website","https://www.google.com/maps/dir//Gf,+KH+No-+10,+Auto+Pickup,+21,+Nangloi+-+Najafgarh+Rd,+near+IDBI+Bank,+Amanpuri,+Nangloi,+New+Delhi,+Delhi+110041/data=!4m6!4m5!1m1!4e2!1m2!1m1!1s0x390d076db3f110b7:0x63fc1f8e93bdff55?sa=X&ved=1t:57443&ictx=111","Directions","On-site services"
"Kesria Garment","· T-shirt store","4.2","(124)","Delhi","· 011 6902 0202","⋅ Opens 9:30 am Sat","Closed","","https://kesria.in/","Website","https://www.google.com/maps/dir//Kesria+Garment,+Police+Station+Karol+Bagh,+10944%2F3,+Doriwalan,+near+shidipura,+Karol+Bagh,+Delhi,+110005/data=!4m6!4m5!1m1!4e2!1m2!1m1!1s0x390cfde66cb4682d:0xe779c49459c22a2a?sa=X&ved=1t:57443&ictx=111","Directions","In-store shopping"
"16TH JULY EXPORTS","· Clothing manufacturer","4.5","(11)","New Delhi, Delhi","· 098680 88882","⋅ Opens 9:30 am Sat","Closed","","http://www.16thjulyexports.com/","Website","https://www.google.com/maps/dir//16TH+JULY+EXPORTS,+WZ+299,+Shakurpur+Village,+Shakurpur,+New+Delhi,+Delhi+110034/data=!4m6!4m5!1m1!4e2!1m2!1m1!1s0x390d032df923263f:0xabe2ae4d6664f1e2?sa=X&ved=1t:57443&ictx=111","Directions","On-site services"
"Vikram Roller Flour Mills Ltd [Vikram Mills]","· Flour mill","3.3","(104)","Delhi","084484 48436","","","""All products is good and hygiene""","https://vikrammills.com/","Website","https://www.google.com/maps/dir//Vikram+Roller+Flour+Mills+Ltd+%5BVikram+Mills%5D,+B-71%2F2,+Lawrence+Road+Industrial+Area,+Tri+Nagar,+Delhi,+110035/data=!4m6!4m5!1m1!4e2!1m2!1m1!1s0x390d024969ee1a67:0x58746e322d2f3c33?sa=X&ved=1t:57443&ictx=111","Directions",""
"OBASIX Industries Pvt Ltd | Whiteboards Chalkboards Manufacturer in Delhi","· Stationery manufacturer","4.3","(9)","Delhi","· 099990 44222","⋅ Closes 9 pm","Open","""Quality  of the white board is good.""","http://www.obasix.com/","Website","https://www.google.com/maps/dir//OBASIX+Industries+Pvt+Ltd+%7C+Whiteboards+Chalkboards+Manufacturer+in+Delhi,+B-12,+Shubham+Enclave,+Paschim+Vihar,+Delhi,+110063/data=!4m6!4m5!1m1!4e2!1m2!1m1!1s0x390d05882c7f5441:0x29bd7ce67785b823?sa=X&ved=1t:57443&ictx=111","Directions",""
"Gunjan Associates","· Manufacturer","3.3","(81)","Delhi","· 080 3740 2022","","Open 24 hours","","https://www.gunjaneva.com/","Website","https://www.google.com/maps/dir//Gunjan+Associates,+B-18,+Mangolpuri,+Industrial+Area,+Phase+II,+Delhi,+110083/data=!4m6!4m5!1m1!4e2!1m2!1m1!1s0x390d051702bdd8e5:0x625173a52200dc3d?sa=X&ved=1t:57443&ictx=111","Directions",""
"DNUTS ENTERPRISES","· Manufacturer","4.2","(15)","Delhi","· 080 4821 2791","⋅ Closes 9 pm","Open","","http://dnutschocolates.com/","Website","https://www.google.com/maps/dir//GROUND+FLOOR,HOUSE.+28,+DNUTS+ENTERPRISES,+D+KH+NO.+153,+near+by+POST+OFFICE,+Sector+7,+Naharpur+Village,+Rohini,+Delhi,+110085/data=!4m6!4m5!1m1!4e2!1m2!1m1!1s0x390d015815cc2795:0x84b3f96656b62dff?sa=X&ved=1t:57443&ictx=111","Directions",""
"Nitco Lubricants","· Manufacturer","4.7","(147)","New Delhi, Delhi","· 092891 36111","⋅ Closes 9 pm","Open","","https://www.nitcolubricants.in/","Website","https://www.google.com/maps/dir//Shop+no.+22,+1st+floor,+Nitco+Lubricants,+metro+station,+Rohtak+Rd,+opposite+side+of,+Dharam+Colony,+Nangloi+Extension,+Nangloi,+New+Delhi,+Delhi+110041/data=!4m6!4m5!1m1!4e2!1m2!1m1!1s0x390d0437675739af:0x9774b442a6c63f18?sa=X&ved=1t:57443&ictx=111","Directions",""
"Petro Industries","· Manufacturer","5.0","(83)","New Delhi, Delhi","· 080000 07336","⋅ Opens 11 am Sat","Closed","","http://www.petroindustries.in/","Website","https://www.google.com/maps/dir//Petro+Industries,+A-48+D,+Naresh+Park+Extension,+Nangloi,+New+Delhi,+Delhi+110041/data=!4m6!4m5!1m1!4e2!1m2!1m1!1s0x390cfd17a38359df:0x4238a2c95b2ba041?sa=X&ved=1t:57443&ictx=111","Directions","In-store shopping"
"Gripex footwear - Best footwear wholesaler or manufacturer in delhi","· Footwear wholesaler","4.4","(65)","Delhi","· 070116 57196","⋅ Opens 8 am Sat","Closed","","http://www.gripexfootwear.com/","Website","https://www.google.com/maps/dir//Gripex+footwear+-+Best+footwear+wholesaler+or+manufacturer+in+delhi,+2228%2F29,+Hardhyan+Singh+Rd,+Block+37J,+Naiwala,+Karol+Bagh,+Delhi,+110005/data=!4m6!4m5!1m1!4e2!1m2!1m1!1s0x390d03de922c10f1:0xddc38e1fbb31de14?sa=X&ved=1t:57443&ictx=111","Directions",""
"Manfriday life sciences pvt Ltd","· Manufacturer","3.9","(97)","New Delhi, Delhi","· 098185 48585","⋅ Opens 10 am Sat","Closed","","http://manfridaylifesciences.com/","Website","https://www.google.com/maps/dir//Manfriday+life+sciences+pvt+Ltd,+Naharpur+Village,+Rohini,+New+Delhi,+Delhi+110085/data=!4m6!4m5!1m1!4e2!1m2!1m1!1s0x390d03e25ac8bca7:0xb51a306a61f4ed63?sa=X&ved=1t:57443&ictx=111","Directions",""
"Mijo Auto Gas Pvt. Ltd.","· Manufacturer","4.3","(81)","Delhi","· 011 4755 0538","⋅ Opens 9 am Sat","Closed","","https://mijoautogas.co.in/","Website","https://www.google.com/maps/dir//Mijo+Auto+Gas+Pvt.+Ltd.,+S-110,+Badli+Industrial+Area,+Phase+1,+Samaypur,+Delhi,+110042/data=!4m6!4m5!1m1!4e2!1m2!1m1!1s0x390d011b9813547b:0x3553f98c1709509e?sa=X&ved=1t:57443&ictx=111","Directions",""
"Krishna Footwear","· Shoe factory","4.3","(8)","New Delhi, Delhi","· 087448 13380","⋅ Closes 10 pm","Open","","","","https://www.google.com/maps/dir//Krishna+Footwear,+A-398,+Madipur+JJ+Colony,+New+Delhi,+Delhi+110063/data=!4m6!4m5!1m1!4e2!1m2!1m1!1s0x390d03e511cba0ef:0xe74039dcc7ee0bec?sa=X&ved=1t:57443&ictx=111","Directions",""
"OKAYA POWER PVT. LTD.","· Battery Manufacturer","3.3","(265)","New Delhi, Delhi","· 011 4745 1500","⋅ Opens 9 am Sat","Closed","","https://www.okaya.in/","Website","https://www.google.com/maps/dir//3rd+%26+4th+Floor,+OKAYA+POWER+PVT.+LTD.,+D-7,+ENERGIS,+Rohtak+Rd,+Udyog+Nagar,+New+Delhi,+Delhi+110041/data=!4m6!4m5!1m1!4e2!1m2!1m1!1s0x390d04131feaaaab:0x5a22e711a62830f6?sa=X&ved=1t:57443&ictx=111","Directions",""
"Maiden Distributors Limited","· Pharmaceutical company","4.8","(13)","Delhi","· 085868 32589","⋅ Opens 9:30 am Sat","Closed","","http://www.mdl.co.in/","Website","https://www.google.com/maps/dir//Maiden+Distributors+Limited,+Local+Shopping+Center,+BH+East+Block,+Shalimar+Bagh+Plot+No.7+,+1st+Floor,+Mohan+Sadan,+Delhi,+110088/data=!4m6!4m5!1m1!4e2!1m2!1m1!1s0x390d0185be27190b:0x502da6ac6cfb414d?sa=X&ved=1t:57443&ictx=111","Directions",""
"Harnarains International","· Food Processing Company","4.7","(29)","New Delhi, Delhi","· 097106 44424","⋅ Opens 10:30 am Sat","Closed","","","","https://www.google.com/maps/dir//Harnarains+International,+D-504,+M2K+Victoria+Gardens+Opp.+Azadpur+Metro+Station,+New+Delhi,+Delhi+110033/data=!4m6!4m5!1m1!4e2!1m2!1m1!1s0x390d03b535a227b3:0x61b0d0460a7fb87b?sa=X&ved=1t:57443&ictx=111","Directions",""
"Best Agrolife Ltd.","· Manufacturer","4.3","(46)","Delhi","· 011 4580 3300","⋅ Opens 10 am Mon","Closed","","https://www.bestagrolife.com/","Website","https://www.google.com/maps/dir//Best+Agrolife+Ltd.,+B-4,+Bhagwan+Das+Nagar,+East+Punjabi+Bagh,+Punjabi+Bagh,+Delhi,+110026/data=!4m6!4m5!1m1!4e2!1m2!1m1!1s0x390d03acc9555555:0x47ca4dc6eeafedf7?sa=X&ved=1t:57443&ictx=111","Directions",""
"NRTS Instrument And Engineering Pvt.Ltd(Hydraulic Bladder Accumulator Manufacturer)","· Hydraulic equipment supplier","4.8","(184)","New Delhi, Delhi","· 098993 00254","⋅ Opens 9 am Sat","Closed","","http://www.nrtsaccumulator.com/","Website","https://www.google.com/maps/dir//NRTS+Instrument+And+Engineering+Pvt.Ltd(Hydraulic+Bladder+Accumulator+Manufacturer),+House+No.+-434%2F4,+near+Shishu+Wala+Talab,+Mundka,+New+Delhi,+Delhi+110041/data=!4m6!4m5!1m1!4e2!1m2!1m1!1s0x390d05ebfa62c649:0x40ac9b6ea55d1891?sa=X&ved=1t:57443&ictx=111","Directions",""
"Satguru Enterprises - Toothbrush & Toilet Brush Manufacturers","· Manufacturer","4.9","(247)","Delhi","· 098111 68464","⋅ 8 pm","Closes soon","","https://www.oxyfreshtoothbrush.in/","Website","https://www.google.com/maps/dir//First+Second+Floor,+Satguru+Enterprises+-+Toothbrush+%26+Toilet+Brush+Manufacturers,+SMA+CIE,+Satguru+Enterprises+E-15,+Ground+Except+One+Office,+GT+Karnal+Rd,+Jahangirpuri+Industrial+Area,+Jahagirpuri,+Delhi,+110033/data=!4m6!4m5!1m1!4e2!1m2!1m1!1s0x390d01f38c6bc8e9:0x4681d0cbe171dfb8?sa=X&ved=1t:57443&ictx=111","Directions",""
"Akreeti Industries","· Kitchen supply store","4.6","(130)","Delhi","· 095550 54444","⋅ Opens 10 am Sat","Closed","","http://www.akreetiindustries.com/","Website","https://www.google.com/maps/dir//Akreeti+Industries,+A-53,+Kh+No-487%2F53,+Shishe+Wali+Gali,+National+Market,+opp.+Punjab+National+Bank,+Peera+Garhi,+Delhi,+110087/data=!4m6!4m5!1m1!4e2!1m2!1m1!1s0x390d04dafe570043:0xc92f029d7913b867?sa=X&ved=1t:57443&ictx=111","Directions","In-store shopping"
"Mittal Atta Chakki","· Flour mill","4.3","(72)","New Delhi, Delhi","· 098114 01076","⋅ Closes 9 pm","Open","","http://www.attaboltahai.com/","Website","https://www.google.com/maps/dir//Shop+No+4,+Mittal+Atta+Chakki,+C-8+Market,+near+metro+pillar+no+261,+Keshav+Puram,+New+Delhi,+Delhi+110035/data=!4m6!4m5!1m1!4e2!1m2!1m1!1s0x390d0239df1705c5:0x74d66fc263fb4470?sa=X&ved=1t:57443&ictx=111","Directions",""
"VIKRANT LIFE SCIENCES PVT. LTD.","· Medical Equipment Manufacturer","4.5","(34)","Delhi","· 011 2735 5195","⋅ Opens 10 am Sat","Closed","","http://www.vikrantlifesciences.com/contact-us.html","Website","https://www.google.com/maps/dir//VIKRANT+LIFE+SCIENCES+PVT.+LTD.,+8+B-1,+8Th+Floor,+Big+Jos+Tower,+Netaji+Subhash+Place,+Pitampura,+Delhi,+110034/data=!4m6!4m5!1m1!4e2!1m2!1m1!1s0x390d023385d1b877:0x6ea1fbbf2df84389?sa=X&ved=1t:57443&ictx=111","Directions","On-site services"
"R R Enterprises","· Auto parts manufacturer","4.9","(82)","New Delhi, Delhi","080 4896 9579","","","","http://motormart.co.in/","Website","https://www.google.com/maps/dir//R+R+Enterprises,+73%2F11,+near+Rajdhani+Park+Metro+Station,+Swaran+Park,+Nangloi,+New+Delhi,+Delhi+110041/data=!4m6!4m5!1m1!4e2!1m2!1m1!1s0x390d0437675739af:0x1cbc0d6dabf9d4b2?sa=X&ved=1t:57443&ictx=111","Directions",""
"Durga Yantra India (BFive Switches)","· Manufacturer","4.5","(157)","Delhi","· 093122 51769","⋅ Opens 10 am Sat","Closed","","http://modularswitch.in/","Website","https://www.google.com/maps/dir//201,+IInd+Floor,+Durga+Yantra+India+(BFive+Switches),+Plot+no.+240,+Shivaji+Market,+Pitampura,+Delhi,+110034/data=!4m6!4m5!1m1!4e2!1m2!1m1!1s0x390d03c6e0b260c9:0xcd07dc6d91a48e14?sa=X&ved=1t:57443&ictx=111","Directions",""
"Mangla Handles","· Manufacturer","4.6","(14)","Delhi","· 098991 59578","","Open 24 hours","","https://www.manglahandles.com/","Website","https://www.google.com/maps/dir//Mangla+Handles,+101,+Badli+Industrial+Area,+Phase+2,+Samaypur,+Delhi,+110042/data=!4m6!4m5!1m1!4e2!1m2!1m1!1s0x390d03c9b4000001:0x7c2c4f26d601d329?sa=X&ved=1t:57443&ictx=111","Directions","On-site services"
"Mitco Weld Products Pvt. Ltd. (Brand ARCON) - A Welding Product manufacturing company","· Welding supply store","4.8","(28)","New Delhi, Delhi","· 093125 13493","⋅ Opens 9 am Sat","Closed","","http://www.arconweldindia.com/","Website","https://www.google.com/maps/dir//Mitco+Weld+Products+Pvt.+Ltd.+(Brand+ARCON)+-+A+Welding+Product+manufacturing+company,+Truck+Market,+A-97,+Mangolpuri+Industrial+Area+Phase+II,+New+Delhi,+Delhi+110083/data=!4m6!4m5!1m1!4e2!1m2!1m1!1s0x390cfa5300000001:0xb8e6485e2d1c46ba?sa=X&ved=1t:57443&ictx=111","Directions","In-store pick-up"
"Top PCD Pharma Franchise Company in Delhi - V Care Biotech","· Pharmaceutical company","4.7","(22)","New Delhi, Delhi","· 099905 55092","⋅ Opens 10 am Sat","Closed","""HPLC TECHNIQUE""","","","https://www.google.com/maps/dir//Top+PCD+Pharma+Franchise+Company+in+Delhi+-+V+Care+Biotech,+Towers+Building,+Northex+Tower,+706,+A9,+Netaji+Subhash+Place,+Pitampura,+New+Delhi,+Delhi+110034/data=!4m6!4m5!1m1!4e2!1m2!1m1!1s0x390d03d72fb7451b:0xfd024db3675f9b45?sa=X&ved=1t:57443&ictx=111","Directions",""
"Nagraj Plastic Company","· Corporate gift supplier","4.8","(17)","New Delhi, Delhi","· 098187 84045","⋅ Opens 9 am Sat","Closed","","http://www.nagrajplasticcompany.com/","Website","https://www.google.com/maps/dir//Nagraj+Plastic+Company,+A-223,Prem+Nagar+-+3,Budh+Bazar+Road+,Kirari+Suleman+Nagar,+Nangloi,+New+Delhi,+Delhi+110086/data=!4m6!4m5!1m1!4e2!1m2!1m1!1s0x390d0428e0e28f7d:0x8872ce2145d3e45a?sa=X&ved=1t:57443&ictx=111","Directions",""
"Action Eva Flotter","· Shoe factory","4.6","(76)","Delhi","· 098711 10570","⋅ Opens 9 am Sat","Closed","""It is practical and enjoyable to use, ensuring a satisfying experience.""","http://www.actionfootwear.in/","Website","https://www.google.com/maps/dir//Action+Eva+Flotter,+D-5,+Rohtak+Rd,+Udyog+Nagar,+Mangolpuri,+Delhi,+110041/data=!4m6!4m5!1m1!4e2!1m2!1m1!1s0x390d04156cfcb2ad:0x70d101bc87fb9582?sa=X&ved=1t:57443&ictx=111","Directions",""
"RSR PETRO CHEMICALS PVT LTD","· Manufacturer","4.6","(26)","New Delhi, Delhi","· 097735 95601","⋅ Opens 10 am Sat","Closed","","http://euronollubricants.com/","Website","https://www.google.com/maps/dir//RSR+PETRO+CHEMICALS+PVT+LTD,+C-38,+Naresh+Park,+Nangloi,+New+Delhi,+Delhi+110041/data=!4m6!4m5!1m1!4e2!1m2!1m1!1s0x390d044b2f89b679:0x2bdc5d22136b9d61?sa=X&ved=1t:57443&ictx=111","Directions","On-site services"
"Kirpal Export Overseas","· Manufacturer","4.5","(16)","New Delhi, Delhi","· 098103 06077","⋅ Opens 10 am Sat","Closed","""The team is professional, responsive, and easy to work with.""","http://www.kirpalexport.com/","Website","https://www.google.com/maps/dir//Kirpal+Export+Overseas,+BP-130,+West+Shalimar+Bagh,+Shalimar+Bagh,+New+Delhi,+Delhi+110088/data=!4m6!4m5!1m1!4e2!1m2!1m1!1s0x390d029dc3fa073b:0x8fe91897d4ff896b?sa=X&ved=1t:57443&ictx=111","Directions",""
"Pacific Lubricants India","· Manufacturer","5.0","(11)","Delhi","","⋅ Opens 10 am Sat","Closed","""Engine works very well, good.""","","","https://www.google.com/maps/dir//Pacific+Lubricants+India,+31%2F35,+Main+Rohtak+Road,+Punjabi+Bagh+West+New+Delhi,+Delhi,+110026/data=!4m6!4m5!1m1!4e2!1m2!1m1!1s0x390d0300a0d27bb1:0xa0c86aee609edf16?sa=X&ved=1t:57443&ictx=111","Directions",""
"APVM Electronics Pvt. Ltd.","· Electronic parts supplier","4.7","(40)","New Delhi, Delhi","· 011 4550 4821","⋅ Opens 9:30 am Sat","Closed","","","","https://www.google.com/maps/dir//SF+17-18,+APVM+Electronics+Pvt.+Ltd.,+Pearls+Omaxe+Tower,+Netaji+Subhash+Place,+Pitampura,+New+Delhi,+Delhi+110034/data=!4m6!4m5!1m1!4e2!1m2!1m1!1s0x390d0234647169f5:0x8db91f72438f1511?sa=X&ved=1t:57443&ictx=111","Directions",""
"SINDHWANI TRADERS INDIA","· Manufacturer","4.9","(9)","Delhi","080 4580 1890","","","""Very good quality.""","http://bakeryrawmaterial.com/","Website","https://www.google.com/maps/dir//SINDHWANI+TRADERS+INDIA,+Ch.+Bhrama+Singh+Flyover,+Dr+Lohia+Industrial+Area,+Rampura+Industrial+Area,+Tri+Nagar,+Delhi,+110035/data=!4m6!4m5!1m1!4e2!1m2!1m1!1s0x390d03bef1cc8d63:0xe947cf27c1c4cc68?sa=X&ved=1t:57443&ictx=111","Directions",""
"Wonder Polymers Private Limited","· Manufacturer","4.0","(6)","Delhi","098111 42693","","","","https://www.wonderpolymers.in/","Website","https://www.google.com/maps/dir//Wonder+Polymers+Private+Limited,+S+70,+Badli+Industrial+Area,+Phase+1,+Delhi+110042/data=!4m6!4m5!1m1!4e2!1m2!1m1!1s0x390d011b42217103:0x3f9c63a48e97176d?sa=X&ved=1t:57443&ictx=111","Directions",""
"New Light Apparels Limited","· Manufacturer","4.6","(9)","New Delhi, Delhi","· 098101 92160","⋅ Opens 10 am Sat","Closed","""Outstanding Quality & Service!""","https://newlightapparels.com/","Website","https://www.google.com/maps/dir//New+Light+Apparels+Limited,+Shivaji+Enclave,+GC-29,+Raja+Garden,+New+Delhi,+Delhi+110027/data=!4m6!4m5!1m1!4e2!1m2!1m1!1s0x390d077f00000001:0x7104b53da4cf88e6?sa=X&ved=1t:57443&ictx=111","Directions",""
"Flatted Factory Complex Jhandewalan","· Wholesale market","4.0","(49)","New Delhi, Delhi","","⋅ Opens 9:30 am Sat","Closed","""Good Quality Good Product""","","","https://www.google.com/maps/dir//Flatted+Factory+Complex+Jhandewalan,+E-19,+FLATTED+FACTORY+COMPLEX,+RANI+JHANSI+ROAD,+JHANDEWALAN,+NEW+DELHI-110055,+near,+Jhandewalan+Devi+Mandir+Marg,+New+Delhi,+Delhi+110055/data=!4m6!4m5!1m1!4e2!1m2!1m1!1s0x390cfdffa9dcf25f:0x4fad3915f597a311?sa=X&ved=1t:57443&ictx=111","Directions",""
"MUKUL ENTERPRISES","· Glass manufacturer","4.2","(6)","New Delhi, Delhi","· 099685 31764","⋅ Opens 12 am Sat","Closed","","http://mukulenterprisesindia.in/","Website","https://www.google.com/maps/dir//MUKUL+ENTERPRISES,+Ratan+Vihar,+Plot+No.411-412,+Gali+No.+7,+Kirari+Suleman+Nagar+Village,+New+Delhi,+Delhi+110086/data=!4m6!4m5!1m1!4e2!1m2!1m1!1s0x390d05937696517b:0xfbce399354b8bfc3?sa=X&ved=1t:57443&ictx=111","Directions",""
"Safeflame","· Manufacturer","5.0","(27)","New Delhi, Delhi","","⋅ 8:30 pm","Closes soon","","http://www.malhotraindustries.com/","Website","https://www.google.com/maps/dir//Safeflame,+K+91,+udyog+nagar,+Industrial+Area,+peeragarhi,+New+Delhi,+Delhi+110041/data=!4m6!4m5!1m1!4e2!1m2!1m1!1s0x390d058c3f253951:0xbf57287cc6a27b0e?sa=X&ved=1t:57443&ictx=111","Directions",""
"Bansal Metals Private Limited","· Aluminium Supplier","5.0","(42)","Delhi","· 098111 05557","⋅ Opens 10 am Sat","Closed","""Good quality material in flat bars and timely delivery""","http://www.bansalmetals.com/","Website","https://www.google.com/maps/dir//Bansal+Metals+Private+Limited,+B-1%2F164,+near+Sunil+Dairy,+Khayala,+Vishnu+Garden,+Delhi,+110018/data=!4m6!4m5!1m1!4e2!1m2!1m1!1s0x390d050d44ea399b:0xf1a7eb6cbc221270?sa=X&ved=1t:57443&ictx=111","Directions",""
"Indersons - New Delhi's Top Electrical Wholesaler for Wires & Cables, Modular Switches, MCBs, BLDC Fans and misc accessories.","· Electrical products wholesaler","4.9","(98)","New Delhi, Delhi","· 011 4724 3000","⋅ Opens 10 am Sat","Closed","""Excellent Service , products & prices.""","http://www.indersonsindia.com/","Website","https://www.google.com/maps/dir//Indersons+-+New+Delhi's+Top+Electrical+Wholesaler+for+Wires+%26+Cables,+Modular+Switches,+MCBs,+BLDC+Fans+and+misc+accessories.,+S-11,+near+Pappu+Sweets,+Janta+Market,+Rajouri+Garden,+New+Delhi,+Delhi+110027/data=!4m6!4m5!1m1!4e2!1m2!1m1!1s0x390d036c7fb41e93:0xab1805577b007636?sa=X&ved=1t:57443&ictx=111","Directions",""
"HOME ZONE INDIA","· Manufacturer","4.9","(131)","New Delhi, Delhi","· 099589 12912","⋅ Opens 9 am Sat","Closed","""They are very good at delivery schedule and consistency in quality.""","","","https://www.google.com/maps/dir//1st+Floor,+HOME+ZONE+INDIA,+WZ-247,+West+Punjabi+Bagh,+New+Delhi,+Delhi+110063/data=!4m6!4m5!1m1!4e2!1m2!1m1!1s0x390d032df923263f:0xcaf5033258302ba?sa=X&ved=1t:57443&ictx=111","Directions",""
"Milton Elevator Pvt Ltd Delhi","· Elevator Manufacturer","4.7","(180)","· 098170 86001","","⋅ Opens 9:30 am Sat","Closed","""Their elevators are -notch, seamlessly installed, and prioritize safety.""","https://www.miltonelevator.com/","Website","","",""
"Sandy Frozen Foods","· Frozen food manufacturer","4.7","(32)","New Delhi, Delhi","","⋅ 8 pm","Closes soon","""Highly Recommended""","https://instagram.com/sandyfrozenfoods?igshid=MzRlODBiNWFlZA==","Website","https://www.google.com/maps/dir//Sandy+Frozen+Foods,+J-13%2F58,+Major+Sudesh+Kumar+Marg,+Block+J,+Rajouri+Garden+Extension,+Rajouri+Garden,+New+Delhi,+Delhi+110027/data=!4m6!4m5!1m1!4e2!1m2!1m1!1s0x390d0344246187fd:0x75d358d73bf00cc9?sa=X&ved=1t:57443&ictx=111","Directions",""
"AMIT QUALITY PRODUCT CO. ( ALLUMINIUM TOWER LADDER MANUFACTURERS)","· Ladder supplier","4.8","(24)","Delhi","· 08071 794 174","⋅ Closes 9 pm","Open","","http://frpladdersmanufacturer.com/","Website","https://www.google.com/maps/dir//AMIT+QUALITY+PRODUCT+CO.+(+ALLUMINIUM+TOWER+LADDER+MANUFACTURERS),+C-+191,+Street+Number+13,+near+Rohini,+Phase+2,+Inder+Enclave,+Sector+-22,+Delhi,+110086/data=!4m6!4m5!1m1!4e2!1m2!1m1!1s0x390d067a07dbb6cd:0x304c2f2b78290f99?sa=X&ved=1t:57443&ictx=111","Directions","On-site services"
"Unimax International - Aluminium Formwork Manufacturer , Aluminium Formwork","· Aluminium Supplier","4.4","(37)","Delhi","· 098105 98430","⋅ Opens 9:30 am Sat","Closed","""Unimax International Company Most of the No.1 Formwork Supplier""","","","https://www.google.com/maps/dir//Pocket+G-21,+Plot,+Unimax+International+-+Aluminium+Formwork+Manufacturer+,+Aluminium+Formwork,+No.+312,+Halar+Rd,+7,+Delhi,+110085/data=!4m6!4m5!1m1!4e2!1m2!1m1!1s0x390d0382dafc97c9:0x93ad92d57927c7ec?sa=X&ved=1t:57443&ictx=111","Directions",""
"Deep oil corporation ( MAXXRON LUBRICANT)","· Manufacturer","4.5","(55)","Delhi","· 098212 85005","⋅ Opens 9:30 am Sat","Closed","","https://www.maxxronoils.com/","Website","https://www.google.com/maps/dir//Deep+oil+corporation+(+MAXXRON+LUBRICANT),+Parasnath+Jain+complex+1st+floor+office+no+-1+to+6+Rohtak+Road,+Nangloi+Flyover,+Block+4+ABC,+Nangloi+Extension,+Nangloi,+Delhi+110041/data=!4m6!4m5!1m1!4e2!1m2!1m1!1s0x390d05109c8d1467:0xbc6c07aa0fd8c11a?sa=X&ved=1t:57443&ictx=111","Directions","On-site services"
"Hindchef Private Limited","· Bakery equipment","4.0","(178)","New Delhi, Delhi","· 092666 06060","⋅ Opens 10 am Sat","Closed","""Good ""","https://www.hindchef.com/","Website","https://www.google.com/maps/dir//Hindchef+Private+Limited,+Kh.no.+-50%2F24%2F2,+near+METRO+PILLAR+NO+482,+near+Rajdhani+Park,+Metro+Village,+Mundka,+New+Delhi,+Delhi+110041/data=!4m6!4m5!1m1!4e2!1m2!1m1!1s0x390d1ab7f0a3ffff:0xa942393b45434bfd?sa=X&ved=1t:57443&ictx=111","Directions",""
"Endocard India Pvt. Ltd.","· Pharmaceutical company","4.7","(7)","New Delhi, Delhi","· 011 2704 8768","⋅ Opens 10 am Sat","Closed","""Effective medicines....""","http://www.endocardindia.com/","Website","https://www.google.com/maps/dir//205,+Endocard+India+Pvt.+Ltd.,+Blue+Star+Plaza,+Sarja+Market,+Sector+7,+Rohini,+New+Delhi,+Delhi+110085/data=!4m6!4m5!1m1!4e2!1m2!1m1!1s0x390d0151f063e0a1:0x7592b3c0287a6438?sa=X&ved=1t:57443&ictx=111","Directions",""
"S A TRADERS","· Shoe factory","5.0","(4)","New Delhi, Delhi","","⋅ Opens 11 am Sat","Closed","","","","https://www.google.com/maps/dir//S+A+TRADERS,+E-407,+Madipur+JJ+Colony,+New+Delhi,+Delhi+110063/data=!4m6!4m5!1m1!4e2!1m2!1m1!1s0x390d0526df106dc7:0x2a85320fec6e7be?sa=X&ved=1t:57443&ictx=111","Directions",""
"Desi Kapda","· Manufacturer","4.9","(99)","New Delhi, Delhi","099118 40628","","","""I'm very happy to take this product.""","http://desikapda.com/","Website","https://www.google.com/maps/dir//5%2F3,+First+Floor,+Desi+Kapda,+Moti+Nagar+Rd,+DLE+Industrial+Area,+Kirti+Nagar,+New+Delhi,+Delhi+110015/data=!4m6!4m5!1m1!4e2!1m2!1m1!1s0x390d03a825b7768d:0xbd1c87ab41501dd5?sa=X&ved=1t:57443&ictx=111","Directions",""
"INSULATION SOLUTIONS","· Manufacturer","3.7","(18)","New Delhi, Delhi","· 096676 69776","","Open 24 hours","""I am dealing with insulation solutions for the last 4 years.""","https://insulationsolutions.in/","Website","https://www.google.com/maps/dir//INSULATION+SOLUTIONS,+Silver+Arrow+service+centre,+52-A+Rama+Road+Industrial+Area,+near+Mercedes,+Kirti+Nagar,+New+Delhi,+Delhi+110015/data=!4m6!4m5!1m1!4e2!1m2!1m1!1s0x390d02f58126bbb5:0x1667175d5c840cc5?sa=X&ved=1t:57443&ictx=111","Directions",""
"KBM Gai Chaap Masala","· Food manufacturer","4.6","(21)","Delhi","· 011 4512 1990","⋅ Opens 9:30 am Sat","Closed","""Very good taste""","http://www.kbmgaichaap.com/","Website","https://www.google.com/maps/dir//KBM+Gai+Chaap+Masala,+B-19,+Block+A2,+Delhi,+110035/data=!4m6!4m5!1m1!4e2!1m2!1m1!1s0x390d03a0f003c89d:0x8bd54292eb2dcf66?sa=X&ved=1t:57443&ictx=111","Directions",""
"Sumitron Exports Pvt Ltd.","· Exporter","3.6","(11)","Delhi","· 011 4382 4444","⋅ Opens 9 am Sat","Closed","","https://sumitron.com/","Website","https://www.google.com/maps/dir//Sumitron+Exports+Pvt+Ltd.,+Land+Mark:,+F19%2F1,+Halar+Rd,+near+M2k+Cinemas,+Delhi,+110085/data=!4m6!4m5!1m1!4e2!1m2!1m1!1s0x390d0328c9555555:0xbd47efcb44878d5b?sa=X&ved=1t:57443&ictx=111","Directions",""
"JAI BHARAT LUBRICANTS | Best Bike engine oil Manufacture","· Manufacturer","4.2","(58)","New Delhi, Delhi","· 080 4896 0724","⋅ Opens 9 am Sat","Closed","""Very good quality lubricants oil Manufacturer jai bharat lubricants""","https://www.jaibharatlubricants.com/","Website","https://www.google.com/maps/dir//JAI+BHARAT+LUBRICANTS+%7C+Best+Bike+engine+oil+Manufacture,+Aman+Puri,+D-36,+Amanpuri,+New+Delhi,+Delhi+110041/data=!4m6!4m5!1m1!4e2!1m2!1m1!1s0x390d05b4a29d0009:0xe8a2da0d73d3402?sa=X&ved=1t:57443&ictx=111","Directions",""
"Rai Industrial Estate","· Manufacturer","4.1","(144)","Sonipat, Haryana","","⋅ Opens 9 am Sat","Closed","""Rai industry area""","","","https://www.google.com/maps/dir//W3MX%2B4R4+Rai+Industrial+Estate,+Sector+38,+Sonipat,+Haryana+131029/data=!4m6!4m5!1m1!4e2!1m2!1m1!1s0x390dae80806a92ed:0x7ae861dd537b720f?sa=X&ved=1t:57443&ictx=111","Directions",""
"Naturally Timeless","· Stationery manufacturer","5.0","(16)","","","⋅ Closes 10 pm","Open","""I loved the quote ""make yourself a priority.""""","http://www.naturallytimeless.net/","Website","","",""
"Mediseller - Pharmaceutical Exporter & Supplier","· Pharmaceuticals Exporter","4.5","(519)","Delhi","· 096677 33026","⋅ Closes 11 pm","Open","""A reliable and very professional  and staff!""","https://www.mediseller.com/","Website","https://www.google.com/maps/dir//Mediseller+-+Pharmaceutical+Exporter+%26+Supplier,+Shalimar+Plaza,+Plot+No.4,+2nd+Floor,+office+No.+212+Block,+Shalimar+Bagh,+Delhi,+110088/data=!4m6!4m5!1m1!4e2!1m2!1m1!1s0x390cfd1b63655567:0x4a8fca44a95ac07c?sa=X&ved=1t:57443&ictx=111","Directions",""
"Singhal International","· Sewing machine store","4.9","(32)","Delhi","· 099990 10169","⋅ 8:30 pm","Closes soon","","","","https://www.google.com/maps/dir//Singhal+International,+WZ-508%2FF-2,+Basai+Darapur,,+Behind+Ramesh+Nagar+Metro+Station,+New+Delhi-110015,+Delhi,+110015/data=!4m6!4m5!1m1!4e2!1m2!1m1!1s0x390d030ea5f146f5:0x298ea49c261670a0?sa=X&ved=1t:57443&ictx=111","Directions","In-store shopping"
"SkycarElevators","· Elevator Manufacturer","4.2","(17)","New Delhi, Delhi","· 098100 38281","⋅ Opens 9 am Sat","Closed","""Also, I found the lifts very affordable.""","http://skycarelevators.com/","Website","https://www.google.com/maps/dir//SkycarElevators,+WZ+436B,,+Nangal+Raya,+Janakpuri,+New+Delhi,+Delhi+110046/data=!4m6!4m5!1m1!4e2!1m2!1m1!1s0x390d1b4fcca974e1:0xc65ce135b9df266c?sa=X&ved=1t:57443&ictx=111","Directions",""
"PBSS Pvt. Ltd.","· Manufacturer","4.3","(47)","Delhi","","⋅ Opens 10 am Sat","Closed","""Best company for all esd solutions....""","http://www.pbss.co.in/","Website","https://www.google.com/maps/dir//PBSS+Pvt.+Ltd.,+Badli+Rd,+Badli,+Rohini,+Delhi/data=!4m6!4m5!1m1!4e2!1m2!1m1!1s0x390d0164e25d718b:0x4820cd085316f5cc?sa=X&ved=1t:57443&ictx=111","Directions",""
"Swarang Designs","· Leather Products Manufacturer","4.9","(77)","New Delhi, Delhi","· 098110 27095","⋅ Opens 11 am Sat","Closed","""Just the right size with ample space and perfect for the office.""","http://www.swarang.in/","Website","https://www.google.com/maps/dir//Basement,+Swarang+Designs,+5%2F7,+Kirti+Nagar+Industrial+Area,+New+Delhi,+Delhi+110015/data=!4m6!4m5!1m1!4e2!1m2!1m1!1s0x390d03fb26d1d6d3:0xac9cd7909721d0a5?sa=X&ved=1t:57443&ictx=111","Directions",""
"R. M. MEDICAL","· Medical Equipment Manufacturer","4.8","(73)","Delhi","· 098735 88194","⋅ Opens 9 am Sat","Closed","""Equipment quality and service providing is great.""","https://www.rmmedical.online/","Website","https://www.google.com/maps/dir//3%2F9A,+R.+M.+MEDICAL,+Subhdra+Villa,+CL,+near+The+sovereign+school,+Budh+Vihar+Phase+II,+Delhi,+110086/data=!4m6!4m5!1m1!4e2!1m2!1m1!1s0x390d07e7d8936441:0xc9e44ac491ee95ce?sa=X&ved=1t:57443&ictx=111","Directions",""
"S.K. Enterprises,Delhi","· Medical Equipment Manufacturer","4.1","(88)","Delhi","098100 25427","","","""The team is knowledgeable, responsive, and truly cares about customer needs.""","http://www.indiamart.com/skenterprises","Website","https://www.google.com/maps/dir//S.K.+Enterprises,Delhi,+DSIDC+Complex,+z-60,+Outer+Ring+Rd,+opposite+Vidhya+Vihar,+Mangol+Puri,+Delhi,+110083/data=!4m6!4m5!1m1!4e2!1m2!1m1!1s0x390d03fae067703b:0x5a55dd0ce6100199?sa=X&ved=1t:57443&ictx=111","Directions",""
"BANDMA","· Suppliers","4.4","(27)","New Delhi, Delhi","· 092893 54145","⋅ Opens 9 am Sat","Closed","""Amazing place to purchse packaging machines""","http://www.bandmainfo.com/","Website","https://www.google.com/maps/dir//BANDMA,+Bandma+House,+E+-+36A+Surya+Enclave,+Rohtak+Rd,+New+Multan+Nagar,+New+Delhi,+Delhi+110056/data=!4m6!4m5!1m1!4e2!1m2!1m1!1s0x390d057835756b0f:0x998c9ecb449aa0c?sa=X&ved=1t:57443&ictx=111","Directions",""
"Bliss Flavours","· Manufacturer","4.5","(54)","New Delhi, Delhi","· 095555 34055","⋅ Opens 11 am Mon","Closed","","http://www.blisshookahflavor.com/","Website","https://www.google.com/maps/dir//Bliss+Flavours,+J-1,+Udyog+Nagar,+Rohtak+Rd,+Industrial+Area,+New+Delhi,+Delhi+110041/data=!4m6!4m5!1m1!4e2!1m2!1m1!1s0x390d040d590e5237:0xa19ef31155f9e1ce?sa=X&ved=1t:57443&ictx=111","Directions",""
"UE AUTOTECH (I) PVT. LTD","· Industrial chemicals wholesaler","3.9","(73)","New Delhi, Delhi","· 072900 25533","⋅ Opens 10 am Sat","Closed","""Good product tap and shower multipurpose grease cleaner""","https://www.ueautotechs.com/","Website","https://www.google.com/maps/dir//UE+AUTOTECH+(I)+PVT.+LTD,+DLF+Towers+Shivaji+Marg,+DSM+148+1st+Floor,+New+Delhi,+Delhi+110015/data=!4m6!4m5!1m1!4e2!1m2!1m1!1s0x390d03b7a790e4bd:0xf3dbe99efe4888e9?sa=X&ved=1t:57443&ictx=111","Directions",""
"XTECH LAB SUPPLIES","· Manufacturer","5.0","(71)","· 085878 34375","","⋅ Opens 10:30 am Sat","Closed","""The experience with x tech lab supplies is the best I have received.""","","","","",""
"ADC - Auto Die Cast (India) - Electric Scooter Parts / Electric Bike Parts Manufacturer / E Rickshaw Brakes & Shockers","· Manufacturer","4.9","(53)","New Delhi, Delhi","· 087663 44921","⋅ Opens 10 am Sat","Closed","","http://www.evdiecast.com/","Website","https://www.google.com/maps/dir//ADC+-+Auto+Die+Cast+(India)+-+Electric+Scooter+Parts+%2F+Electric+Bike+Parts+Manufacturer+%2F+E+Rickshaw+Brakes+%26+Shockers,+New+Delhi,+Rohtak+Road,+Udyog+Nagar+DSIDC,+Shed+No+28,+Category-II,+near+Nangloi,+New+Delhi,+Delhi+110041/data=!4m6!4m5!1m1!4e2!1m2!1m1!1s0x390d0415a3abd5eb:0x743e82579ec4158e?sa=X&ved=1t:57443&ictx=111","Directions","On-site services"
"ASIA PACIFIC MARKETING & EVENTS PVT LTD","· Advertising agency","4.8","(238)","Delhi","· 093199 45141","","Open 24 hours","","http://www.brandasia.in/","Website","https://www.google.com/maps/dir//ASIA+PACIFIC+MARKETING+%26+EVENTS+PVT+LTD,+A+73,+Mangolpuri+Industrial+Area+Phase+II,+Mangolpuri,+Delhi,+110083/data=!4m6!4m5!1m1!4e2!1m2!1m1!1s0x390d01650bdedb33:0x5a6636e9541c3ed3?sa=X&ved=1t:57443&ictx=111","Directions","On-site services"
"Wudley Modulars","· Manufacturer","4.8","(121)","New Delhi, Delhi","· 083768 91337","⋅ Opens 10 am Sat","Closed","""No bargaining with commitments

All the best Wudley Modulara""","http://www.wudleymodularkitchens.com/","Website","https://www.google.com/maps/dir//1st+Floor,+Wudley+Modulars,+Marble+Market,+B-57,+opp.+Parking,+Mangolpuri,+New+Delhi,+Delhi+110085/data=!4m6!4m5!1m1!4e2!1m2!1m1!1s0x390d055f6b8db9b9:0xfe54704c84064400?sa=X&ved=1t:57443&ictx=111","Directions",""
"Urja Global Limited","· Two Wheeler Dealer","4.4","(61)","New Delhi, Delhi","· 011 4558 8274","⋅ Opens 10 am Sat","Closed","""Good power .""","http://www.urjaglobal.in/","Website","https://www.google.com/maps/dir//Urja+Global+Limited,+487%2F63,+1st+Floor,+National+Market,+Peera+Garhi,+Paschim+Vihar,+New+Delhi,+Delhi+110087/data=!4m6!4m5!1m1!4e2!1m2!1m1!1s0x390d046e0f605aaf:0x64cd7d6235ccf784?sa=X&ved=1t:57443&ictx=111","Directions",""
"Go Green Auto Parts","· Auto parts manufacturer","5.0","(6)","Delhi","","⋅ Closes 9 pm","Open","","http://erickshawspareparts.com/","Website","https://www.google.com/maps/dir//Go+Green+Auto+Parts,+BA+6,+Mangolpuri+Industrial+Area+Phase+II,+Mangolpuri,+Delhi,+110083/data=!4m6!4m5!1m1!4e2!1m2!1m1!1s0x390d05e40d41f939:0x79d9fa54633f4d9f?sa=X&ved=1t:57443&ictx=111","Directions",""
"Optics Technology","· Manufacturer","4.9","(173)","Delhi","· 098112 38150","⋅ 8 pm","Closes soon","""Good  laminar air flow""","http://www.opticstechnology.in/","Website","https://www.google.com/maps/dir//Optics+Technology,+2%2F3,+DSIDC+Shed,+(Behind+Fun+Cinema,+Netaji+Subhash+Place,+Pitampura,+Delhi,+110034/data=!4m6!4m5!1m1!4e2!1m2!1m1!1s0x390ce35250000001:0x34fef0ea90e02798?sa=X&ved=1t:57443&ictx=111","Directions",""
"Om Sky Balloon","· Manufacturer","4.8","(342)","Delhi","· 070656 68310","⋅ 8 pm","Closes soon","","http://omskyballoon.in/","Website","https://www.google.com/maps/dir//No.+836,+Phase,+Om+Sky+Balloon,+Block+D,+Plot+No.+22,+1st+Floor,+Khasra,+1,+Kirari+Suleman+Nagar+Village,+Sultanpuri,+Delhi,+110041/data=!4m6!4m5!1m1!4e2!1m2!1m1!1s0x390d042895fdb601:0x2549cfce062d5ca?sa=X&ved=1t:57443&ictx=111","Directions","Online appointments"
"Powerpack Electricals India Pvt Ltd","· Manufacturer","4.7","(46)","New Delhi, Delhi","· 096501 41985","⋅ Opens 10 am Sat","Closed","","https://www.powerpackelectricals.com/","Website","https://www.google.com/maps/dir//Powerpack+Electricals+India+Pvt+Ltd,+7%2F22,+Mfr+Rayat,+Kirti+Nagar+Industrial+Area,+Industrial+Area,+New+Delhi,+Delhi+110015/data=!4m6!4m5!1m1!4e2!1m2!1m1!1s0x390d0302cfffffff:0x14b18a40bd537601?sa=X&ved=1t:57443&ictx=111","Directions","Delivery"
"ANSARI MACHINES PVT LTD","· Manufacturer","4.6","(16)","New Delhi, Delhi","· 080 4895 3564","⋅ Opens 9 am Sat","Closed","""Get my machines within 2 days.""","http://ansarimachines.com/","Website","https://www.google.com/maps/dir//14+GROUND+FLOOR,+ANSARI+MACHINES+PVT+LTD,+KH+NO+7%2F13%2F2,+Nangloi,+New+Delhi,+Delhi+110041/data=!4m6!4m5!1m1!4e2!1m2!1m1!1s0x390d053597bab2a3:0x86d9c53e84006285?sa=X&ved=1t:57443&ictx=111","Directions",""
"SRI SAI SOM E-RICKSHAW CO. ( Saarthi E-rickshaw and E-Auto)","· Manufacturer","4.3","(76)","Delhi","· 098732 37000","⋅ Opens 10 am Sat","Closed","""It is also good for long run.""","http://saarthierickshaw.com/","Website","https://www.google.com/maps/dir//SRI+SAI+SOM+E-RICKSHAW+CO.+(+Saarthi+E-rickshaw+and+E-Auto),+487%2F99E,+Industrial+Area+Matke+Wali+Gali,+National+Mkt,+Peera+Garhi,+Delhi,+110087/data=!4m6!4m5!1m1!4e2!1m2!1m1!1s0x390d0471f93380b7:0xf4e5731bc975753e?sa=X&ved=1t:57443&ictx=111","Directions",""
"Victa bathroom fittings","· Manufacturer","4.2","(21)","New Delhi, Delhi","","","Open 24 hours","""Highly Recommended products for bathroom fittings giving a luxury look""","","","https://www.google.com/maps/dir//Victa+bathroom+fittings,+A-5,+Pocket+A,+Naresh+Park+Extension,+Nangloi,+New+Delhi,+Delhi+110041/data=!4m6!4m5!1m1!4e2!1m2!1m1!1s0x390d05e8a364d405:0xeabc06fb95a630e0?sa=X&ved=1t:57443&ictx=111","Directions",""
"KishKindha Group","· Medical Equipment Manufacturer","4.8","(34)","Ghaziabad","· 085950 24348","","Open 24 hours","""Best company &best quality of this company .""","https://www.kishkindhahealthcare.com/","Website","https://www.google.com/maps/dir//KishKindha+Group,+Plot+Number:-+F-531,+Phase+2+MG+Road,+Khichdapur+Mussorie+Road,+Dasna,+Ghaziabad,+201010/data=!4m6!4m5!1m1!4e2!1m2!1m1!1s0x390cfd8d59a77003:0xf25f91c9cb8e9f8d?sa=X&ved=1t:57443&ictx=111","Directions",""
"PPE BROTHERS","· Safety equipment supplier","5.0","(5)","Delhi","· 099588 87325","","Open 24 hours","""Nice behaviour""","http://www.ppebrothers.in/","Website","https://www.google.com/maps/dir//ROAD+NO:-44,+PPE+BROTHERS,+PP+City+Centre+Mall,+DDA+COMMUNITY+CENTER,+GROUND+GLOOR+LG-18+PLOT+NO-14+VARDHMAN+PLAZA,+Pitampura,+Delhi+110034/data=!4m6!4m5!1m1!4e2!1m2!1m1!1s0x390d03b670000001:0x964c409a3b8fd8de?sa=X&ved=1t:57443&ictx=111","Directions",""
"Registered Office: Translumina Therapeutics","· Medical Equipment Manufacturer","4.9","(227)","New Delhi, Delhi","· 011 2874 2874","⋅ Opens 9 am Sat","Closed","""Great experience great team futuristic product pipeline…""","http://translumina.com/","Website","https://www.google.com/maps/dir//Ground+Floor,+Registered+Office:+Translumina+Therapeutics,+Metro+Tower,+LSC,+Mor+Land,+New+Rajinder+Nagar,+New+Delhi,+Delhi+110060/data=!4m6!4m5!1m1!4e2!1m2!1m1!1s0x390d02be988747af:0xb010d9d640f753b2?sa=X&ved=1t:57443&ictx=111","Directions",""
"Amazing Research Laboratories Ltd.","· Pharmaceutical company","4.3","(12)","Delhi","· 011 4752 2535","⋅ Opens 9 am Sat","Closed","""Please call me""","","","https://www.google.com/maps/dir//201,+Amazing+Research+Laboratories+Ltd.,+Mohan+Place,+L.S.C,+Block+C,+Saraswati+Vihar,+Delhi,+110034/data=!4m6!4m5!1m1!4e2!1m2!1m1!1s0x390d03dd0b05de07:0xc75da24907552a3d?sa=X&ved=1t:57443&ictx=111","Directions",""
"VP Civil Technologies Pvt. Ltd.","· Laser equipment supplier","4.9","(22)","New Delhi, Delhi","· 011 4224 8200","⋅ Opens 10 am Sat","Closed","""good service and calibration .""","https://www.vpcivil.co.in/","Website","https://www.google.com/maps/dir//1,+VP+Civil+Technologies+Pvt.+Ltd.,+Karampura+Commercial+Complex,+207,+2nd+Floor,+Near,+Milan+Cinema+Rd,+New+Delhi,+Delhi+110015/data=!4m6!4m5!1m1!4e2!1m2!1m1!1s0x390d0300761f26ad:0xa4cd2400e22a118a?sa=X&ved=1t:57443&ictx=111","Directions",""
"Bawana Directory","· Advertising agency","4.0","(5)","Delhi","· 092107 28282","⋅ Opens 9 am Sat","Closed","""Best website for B2B  data.""","https://www.bawanadirectory.com/","Website","https://www.google.com/maps/dir//Bawana+Directory,+M-13,+Vijay+Nagar,+Bawana,+Delhi,+110039/data=!4m6!4m5!1m1!4e2!1m2!1m1!1s0x390da83161a6fba1:0x711f1cc27304fc9f?sa=X&ved=1t:57443&ictx=111","Directions",""
"Biotronix Instruments","· Medical Equipment Manufacturer","5.0","(23)","New Delhi, Delhi","· 097160 01115","⋅ Opens 9 am Sat","Closed","","https://www.biotronix.in/","Website","https://www.google.com/maps/dir//Biotronix+Instruments,+Plot+No.+54,+Ground+Floor,,+Pocket+5,+Sector+25,+Rohini,+New+Delhi,+Delhi+110085/data=!4m6!4m5!1m1!4e2!1m2!1m1!1s0x390d06ce4513f6d3:0x170e96b67ea6be70?sa=X&ved=1t:57443&ictx=111","Directions","On-site services"
"MAKMAUL LABOCARE","· Pharmaceutical company","4.5","(8)","Delhi","· 073036 64965","⋅ Opens 11 am Sat","Closed","""Good company""","http://www.makmaul.com/","Website","https://www.google.com/maps/dir//Block+BT,+MAKMAUL+LABOCARE,+1+Plot+no.+105,+Mangol+Puri+Industrial+Area+Phase+I,+Phase+1,+Pocket+B,+Industrial+Area,+Mangolpuri,+Delhi,+110083/data=!4m6!4m5!1m1!4e2!1m2!1m1!1s0x390d058754a102d7:0x32cdd54066dbbbc8?sa=X&ved=1t:57443&ictx=111","Directions",""
"JYOTI HYDRAULICS","· Manufacturer","4.7","(16)","New Delhi, Delhi","· 099114 25811","⋅ Opens 10 am Sat","Closed","""One stop shop for all hydraulic needs.""","http://jyotihydraulics.co.in/","Website","https://www.google.com/maps/dir//JYOTI+HYDRAULICS,+4,+Railway+Rd,+Yadav+Nagar,+Samaypur,+New+Delhi,+Delhi+110042/data=!4m6!4m5!1m1!4e2!1m2!1m1!1s0x390d0056f274c75b:0x403daee51bf4937c?sa=X&ved=1t:57443&ictx=111","Directions",""
"Star Interior Pvt. Ltd.","· Manufacturer","5.0","(12)","New Delhi, Delhi","· 098106 33349","⋅ Opens 9:30 am Sat","Closed","""Best company""","https://www.starshelving.co.in/","Website","https://www.google.com/maps/dir//Metro+Pillar+No.+312,+Star+Interior+Pvt.+Ltd.,+Plot+no+11+Basement,+Inder+Enclave+near,+Paschim+Vihar,+New+Delhi,+Delhi+110041/data=!4m6!4m5!1m1!4e2!1m2!1m1!1s0x390d03c91794a351:0x272073c4b36314ab?sa=X&ved=1t:57443&ictx=111","Directions",""
"BHARTI EXPORTS","· Steel fabricator","","","Delhi","· 011 2785 3054","⋅ Opens 9:30 am Mon","Closed","","https://bhartiexports.in/","Website","https://www.google.com/maps/dir//BHARTI+EXPORTS,+S-78,+Badli+Industrial+Area,+Phase+1,+Samaypur,+Delhi,+110042/data=!4m6!4m5!1m1!4e2!1m2!1m1!1s0x390d010b3fffffff:0x36f0152850f0a6ef?sa=X&ved=1t:57443&ictx=111","Directions",""
"BERASIA INDIA GROUP","· Paint Manufacturer","5.0","(33)","New Delhi, Delhi","· 098104 62970","⋅ Opens 10:30 am Mon","Closed","","http://www.berasiaindia.com/","Website","https://www.google.com/maps/dir//Unit-217,+BERASIA+INDIA+GROUP,+Maurya+Enclave,+M.P+Mall,+Block+HD,+Dakshini+Pitampura,+Pitampura,+New+Delhi,+Delhi+110034/data=!4m6!4m5!1m1!4e2!1m2!1m1!1s0x390d03d499b81537:0xc1cdd26e994e027e?sa=X&ved=1t:57443&ictx=111","Directions","Delivery"
"Bharat Refrigeration Works- Commercial Kitchen Equipment, Deep Freezer, Cold Room","· Commercial refrigerator supplier","4.9","(291)","Delhi","· 098188 85799","⋅ Opens 10 am Sat","Closed","","https://www.coldshell.in/","Website","https://www.google.com/maps/dir//G-10,+Bharat+Refrigeration+Works-+Commercial+Kitchen+Equipment,+Deep+Freezer,+Cold+Room,+Vardhman+Grand+Plaza,+Community+Centre,+Halar+Rd,+Sector+8,+Rohini,+Delhi,+110085/data=!4m6!4m5!1m1!4e2!1m2!1m1!1s0x390d03e0e5bffffb:0x7668b976978edc50?sa=X&ved=1t:57443&ictx=111","Directions","On-site services"
"UTL Solar: Solar Company in Delhi, India","· Solar Energy Company","4.2","(428)","New Delhi, Delhi","· 092508 85885","⋅ Opens 9 am Sat","Closed","""Great support from the team engineers and no any difficulties as of today.""","https://www.upsinverter.com/","Website","https://www.google.com/maps/dir//UTL+Solar:+Solar+Company+in+Delhi,+India,+53+A%2F6,+Rama+Road+Industrial+Area,+Near+Sat+Guru+ram+Singh+Metro+Station,+New+Delhi,+Delhi+110015/data=!4m6!4m5!1m1!4e2!1m2!1m1!1s0x390cfd309eebed77:0xde052b1bd35dc25f?sa=X&ved=1t:57443&ictx=111","Directions",""
"Himganga Polymers India","· Manufacturer","1.0","(4)","Delhi","080 4896 3891","","","","","","https://www.google.com/maps/dir//G-24,+Himganga+Polymers+India,+RG+Complex,+2,+Prashant+Vihar,+Sector+14,+Rohini,+Delhi,+110085/data=!4m6!4m5!1m1!4e2!1m2!1m1!1s0x390d01acd20e7779:0xcb452481dc8790d5?sa=X&ved=1t:57443&ictx=111","Directions",""
"Anil Bhai Churi Wala","· Jewelry manufacturer","4.9","(1.6K)","Delhi","· 098187 17359","⋅ 8 pm","Closes soon","","","","https://www.google.com/maps/dir//Anil+Bhai+Churi+Wala,+2320,+Tota+Ram+Bazar,+Tri+Nagar,+Delhi,+110035/data=!4m6!4m5!1m1!4e2!1m2!1m1!1s0x390d02456aa6fed1:0x1d30ed6ca4a8c597?sa=X&ved=1t:57443&ictx=111","Directions","On-site services"
"Wholesale Momos Manufacturer & Supplier - Mr Bromo","· Food producer","4.1","(14)","Delhi","099994 43688","","","","https://mrbromo.com/","Website","https://www.google.com/maps/dir//Wholesale+Momos+Manufacturer+%26+Supplier+-+Mr+Bromo,+DDA+Market,+Pocket+D-6,+Sir+Chotu+Ram+Marg,+Sector+6+Rd,+near+Rohini,+Sector+6D,+Rohini,+Delhi,+110085/data=!4m6!4m5!1m1!4e2!1m2!1m1!1s0x390d0101dea0458b:0x7fd23c053ed9dc37?sa=X&ved=1t:57443&ictx=111","Directions","Dine-in"
"Delhi Trophy","· Manufacturer","4.8","(199)","New Delhi, Delhi","· 098586 60660","⋅ Opens 10:30 am Sat","Closed","","http://www.delhitrophy.com/","Website","https://www.google.com/maps/dir//Delhi+Trophy,+24%2F85+Ganesh+Dass+Khatri+Marg,+Tilak+Nagar,+New+Delhi,+Delhi+110018/data=!4m6!4m5!1m1!4e2!1m2!1m1!1s0x390d054e209351eb:0x86114983154cce6f?sa=X&ved=1t:57443&ictx=111","Directions","In-store shopping"
"AK Lumbers Ltd.","· Lumber store","3.8","(86)","Delhi","· 087450 13672","⋅ 8 pm","Closes soon","","https://aklumbers.co.in/","Website","https://www.google.com/maps/dir//AK+Lumbers+Ltd.,+Metro+Station,+132,+Rohtak+Rd,+near+Rajdhani+Park,+Assam+Timber+Market,+Nangloi,+Delhi,+110041/data=!4m6!4m5!1m1!4e2!1m2!1m1!1s0x390d05c59c2fbca3:0x24869fa9b4705d02?sa=X&ved=1t:57443&ictx=111","Directions","In-store shopping"
"Chinitya Ppes & Tools Shop (SAFETY PRODUCT SUPPLIER)","· Safety equipment supplier","5.0","(11)","New Delhi, Delhi","· 084487 33502","⋅ Opens 10 am Sat","Closed","","","","https://www.google.com/maps/dir//Chinitya+Ppes+%26+Tools+Shop+(SAFETY+PRODUCT+SUPPLIER),+A4-148,+Deenbandhu+Chotooram+Marg,+near+BUS+STOP,+Pocket+4,+Sector+4,+Rohini,+New+Delhi,+Delhi+110085/data=!4m6!4m5!1m1!4e2!1m2!1m1!1s0x390d01a158e36c97:0xdb3524e6308af702?sa=X&ved=1t:57443&ictx=111","Directions","On-site services"
"Sakhi Beauty Concepts | Salon Chair | Salon Furniture","· Manufacturer","4.6","(159)","New Delhi, Delhi","· 098111 39675","⋅ Opens 11 am Sat","Closed","","https://sakhibeautyconcepts.com/","Website","https://www.google.com/maps/dir//Sakhi+Beauty+Concepts+%7C+Salon+Chair+%7C+Salon+Furniture,+Vishal+Enclave,+A-39,+Vishal+Cinema+Rd,+below+Too+Indian+Resturant,+Rajouri+Garden,+New+Delhi,+Delhi+110027/data=!4m6!4m5!1m1!4e2!1m2!1m1!1s0x390d0376b44084df:0xe05ab6b16d91c60d?sa=X&ved=1t:57443&ictx=111","Directions","On-site services"
"Synthokind","· Pharmaceutical company","4.4","(11)","Delhi","087084 00016","","","""very reliable and professional pharma company..🙂""","","","https://www.google.com/maps/dir//Plot+No.+423,+Synthokind,+Bawana+Rd,+near+Hanuman+Mandir,+Shahbad+Daulatpur+Village,+Rohini,+Delhi,+110042/data=!4m6!4m5!1m1!4e2!1m2!1m1!1s0x390d012f54770ad7:0x62f00eab8fba20b3?sa=X&ved=1t:57443&ictx=111","Directions",""
"Factory area","· Corporate office","","","New Delhi, Delhi","","","","","","","https://www.google.com/maps/dir//Factory+area,+239,+Uttam+Vihar,+Uttam+Nagar,+Bindapur,+New+Delhi,+Delhi+110059/data=!4m6!4m5!1m1!4e2!1m2!1m1!1s0x390d050047e9cf6b:0xb06e02fb4ef478d9?sa=X&ved=1t:57443&ictx=111","Directions",""
"Micro Moulds India","· Plastic Injection Molding Workshop","","","Delhi","· 098733 18182","⋅ Opens 9 am Sat","Closed","","https://micromouldindia.com/","Website","https://www.google.com/maps/dir//Micro+Moulds+India,+Rohtak+Rd,+Peera+Garhi,+Peeragarhi+Village,+Paschim+Vihar,+Delhi,+110087/data=!4m6!4m5!1m1!4e2!1m2!1m1!1s0x390d1d9265555555:0xe8130169d3aca894?sa=X&ved=1t:57443&ictx=111","Directions",""
"SECURE NET APPLIANCES PVT. LTD.","· Manufacturer","4.8","(4)","Delhi","· 080 4895 3874","⋅ Opens 10 am Sat","Closed","""An Awesome Place for Home Appliances Products""","https://www.saluteappliances.com/","Website","https://www.google.com/maps/dir//UNIT+NO.+-305,+SECURE+NET+APPLIANCES+PVT.+LTD.,+MP+Mall,+34,+Pitampura,+Delhi,+110034/data=!4m6!4m5!1m1!4e2!1m2!1m1!1s0x390d031ed4315265:0x5107bfa86ca8db94?sa=X&ved=1t:57443&ictx=111","Directions",""
"Q-Manager | Queue manager Manufacturer & Supplier Company in India","· Manufacturer","4.1","(19)","Delhi","· 099103 98700","⋅ Opens 10 am Sat","Closed","""Customer support is very good & Que managers quality looks very premium.""","https://www.q-manager.com/","Website","https://www.google.com/maps/dir//Q-Manager+%7C+Queue+manager+Manufacturer+%26+Supplier+Company+in+India,+811,+8th+Floor,+Pearls+Omaxe+Tower-1,+B-1,+Netaji+Subhash+Place,+Pitampura,+Delhi,+110088/data=!4m6!4m5!1m1!4e2!1m2!1m1!1s0x390d023474c0c545:0xb4187c755695ea8a?sa=X&ved=1t:57443&ictx=111","Directions",""
"Neoware DecoMart","· Restaurant supply store","4.9","(76)","New Delhi, Delhi","","⋅ 8 pm","Closes soon","""Best price in Services""","","","https://www.google.com/maps/dir//SCO+47,+First+floor,+Neoware+DecoMart,+Chaudhary+Kishan+Chand+Complex,+Market,+Jwalaheri+Village,+Paschim+Vihar,+New+Delhi,+Delhi+110063/data=!4m6!4m5!1m1!4e2!1m2!1m1!1s0x390d05e2e97ac715:0x244dde7b52bf986f?sa=X&ved=1t:57443&ictx=111","Directions",""
"HEALTHCARE MEDICAL EQUIPMENTS","· Physiotherapy equipment supplier","4.9","(224)","New Delhi, Delhi","· 099905 85651","⋅ 8 pm","Closes soon","""Very good  products, easy to operate at affordable prices.""","https://www.hmehealthcaremedicalequipments.com/","Website","https://www.google.com/maps/dir//HEALTHCARE+MEDICAL+EQUIPMENTS,+GI-47,+LAWRENCE+ROAD+INDUSTRIAL+AREA,+NEW+DELHI-110034,+New+Delhi,+Delhi+110035/data=!4m6!4m5!1m1!4e2!1m2!1m1!1s0x390d03c801555555:0xb3a27a679ec6e91?sa=X&ved=1t:57443&ictx=111","Directions",""
"RSB Overseas","· Manufacturer","4.3","(14)","Delhi","· 090067 03917","⋅ Opens 9 am Sat","Closed","","https://www.rsboverseasmedical.com/","Website","https://www.google.com/maps/dir//RSB+Overseas,+H.N+149%2F3,+1St+floor+Mangolpuri+Delhi+110083+Furniture+Market,+near+Bullet+Bike+Showroom,+Block+Y,+Mangolpur+Khurd,+Delhi,+110083/data=!4m6!4m5!1m1!4e2!1m2!1m1!1s0x390d04054fe46bbf:0x3b0caa1b1f5796dd?sa=X&ved=1t:57443&ictx=111","Directions","On-site services"
"Salon shoppe Spa & salon Furniture","· Furniture Manufacturer","4.5","(158)","New Delhi, Delhi","· 099994 50077","⋅ Opens 10 am Sat","Closed","""They explained each part well and functioning of full machine.""","https://salonshoppe.in/","Website","https://www.google.com/maps/dir//Salon+shoppe+Spa+%26+salon+Furniture,+Salon+shoppe,+Filmistan,+luv+Kush+Ramlila+commety,+8233%2F8244,+Rani+Jhansi+Rd,+New+Delhi,+Delhi+110006/data=!4m6!4m5!1m1!4e2!1m2!1m1!1s0x390cfd7a53b37011:0xf2b4c24c472aa3ca?sa=X&ved=1t:57443&ictx=111","Directions",""
"Telemax India Industries Private Limited","· Battery Manufacturer","3.9","(12)","New Delhi, Delhi","· 098100 87677","","Temporarily closed","","https://www.telemaxindia.com/","Website","https://www.google.com/maps/dir//Telemax+India+Industries+Private+Limited,+63%2F36,+Rama+Rd,+Industrial+Area,+Block+C,+Najafgarh+Road+Industrial+Area,+New+Delhi,+Delhi+110015/data=!4m6!4m5!1m1!4e2!1m2!1m1!1s0x390d02ffc96fd90d:0xe211542601a545e2?sa=X&ved=1t:57443&ictx=111","Directions",""
"Imex Appliances Ltd","· Manufacturer","1.8","(15)","Delhi","· 011 4700 5689","⋅ Opens 9 am Sat","Closed","","","","https://www.google.com/maps/dir//Imex+Appliances+Ltd,+Mangolpuri+Industrial+Area+Phase+II,+Phase+2,+Pocket+B,+Industrial+Area,+Mangolpuri,+Delhi,+110083/data=!4m6!4m5!1m1!4e2!1m2!1m1!1s0x390d040b9555559f:0xb820e659683057af?sa=X&ved=1t:57443&ictx=111","Directions","Delivery"
"Kachori by Nesting Flavours","· Food manufacturer","4.9","(24)","New Delhi, Delhi","· 088826 82430","","Temporarily closed","""Highly Highly recommended.""","","","https://www.google.com/maps/dir//Ground+floor,+Kachori+by+Nesting+Flavours,+WZ+1%2F1-A,+Plot+No.7,+Vishnu+Garden,+New+Delhi,+Delhi,+110018/data=!4m6!4m5!1m1!4e2!1m2!1m1!1s0x390d03cb4c1132b9:0x4edb7700e0840a4c?sa=X&ved=1t:57443&ictx=111","Directions",""
"Crafts& Social Development Organisation","· Manufacturer","4.5","(109)","Delhi","· 080 4841 4809","","Temporarily closed","""Thanks once again sunita Mam and team .""","http://soapcandlechocolatematerial.com/","Website","https://www.google.com/maps/dir//Crafts%26+Social+Development+Organisation,+3484%2F1,+Narang+colony+Gali+No,+1,+Near+vasu+College,+Kanhaiya+Nagar+Metro+Station,+Tri+Nagar,+Delhi,+110035/data=!4m6!4m5!1m1!4e2!1m2!1m1!1s0x390ce3acd40c2d5b:0xecfd3aa6dba0256e?sa=X&ved=1t:57443&ictx=111","Directions",""