LGD_Code_x,DistrictName,StateName,Population,MORTH_City_Name,AvgAQI_2020,very_dense_forest,mod_dense_forest,open_forest,total_forest_cover,scrub,LGD_Code_y,DistrictVehicles_2020,VehiclesPerCapita,ForestPerCapita_sqkm
554,Alappuzha,Kerala,2127789.0,,,0.0,20.01,120.91,140.92,0.0,554,0,0.0,6.62283713281721e-05
121,Ambedkar Nagar,Uttar Pradesh,2397888.0,,,,,,,,121,0,0.0,
27,Amritsar,Punjab,2490656.0,,105.3126843657817,,,,,,27,0,0.0,
672,Arvalli,Gujarat,,,,0.86,63.13,215.55,279.54,32.57,672,0,,
611,Arwal,Bihar,700843.0,,,0.0,1.44,2.58,4.02,0.0,611,796,0.0011357750594641026,5.735949420911673e-06
189,Aurangabad,Bihar,2540073.0,Aurangabad,,0.0,65.56,92.22,157.78,14.01,189,2885,0.0011357941287514178,6.211632500325779e-05
125,Bahraich,Uttar Pradesh,3487731.0,,,,,,,,125,0,0.0,
646,Balod,Chhattisgarh,,,,45.21,505.84,192.66,743.71,18.17,646,0,,
127,Balrampur,Uttar Pradesh,2148665.0,,,450.29,1514.96,1169.21,3134.46,16.24,127,0,0.0,0.0014587941815033987
649,Balrampur-Ramanujganj,Chhattisgarh,,,,,,,,,649,0,,
623,Bandipora,Jammu And Kashmir,,,,,,,,,623,0,,
470,Beed,Maharashtra,,,,,,,,,470,0,,
650,Bemetara,Chhattisgarh,,,,0.0,0.0,7.51,7.51,0.4,650,0,,
525,Bengaluru Urban,Karnataka,,Bengaluru,,,,,,,525,9638362,,
179,Bhadohi,Uttar Pradesh,,,,,,,,,179,0,,
471,Bhandara,Maharashtra,1200334.0,,,,,,,,471,0,0.0,
395,Bhind,Madhya Pradesh,1703005.0,,,,,,,,395,0,0.0,
636,Bijapur,Chhattisgarh,255230.0,,,2261.46,3232.24,1599.07,7092.77,4.4,636,0,0.0,0.027789719076911024
636,Bijapur,Chhattisgarh,255230.0,,,0.0,0.93,26.56,27.49,10.61,636,0,0.0,0.00010770677428202013
676,Botad,Gujarat,,,,0.0,0.26,12.32,12.58,5.51,676,0,,
47,Chamoli,Uttarakhand,391605.0,,,,,,,,47,10922,0.027890348693198504,
135,Chandauli,Uttar Pradesh,1952756.0,,,,,,,,135,0,0.0,
253,Chandel,Manipur,144182.0,,,,,,,,253,823,0.0057080634198443635,
473,Chandrapur,Maharashtra,2204307.0,,76.62983425414365,,,,,,473,0,0.0,
398,Chhatarpur,Madhya Pradesh,1762375.0,,,,,,,,398,0,0.0,
668,Chhotaudepur,Gujarat,,,,0.0,121.01,332.8,453.81,8.07,668,0,,
445,Dahod,Gujarat,,,,0.43,105.34,336.77,442.54,25.38,445,0,,
310,Dakshin Dinajpur,West Bengal,1676276.0,,,,,,,,310,0,0.0,
400,Damoh,Madhya Pradesh,1264219.0,,80.89877300613497,,,,,,400,0,0.0,
444,Dangs,Gujarat,,,,,,,,,444,0,,
309,Darjeeling,West Bengal,,,,,,,,,309,0,,
535,Davangere,Karnataka,,,,,,,,,535,0,,
269,Dhalai,Tripura,378230.0,,,,,,,,269,6529,0.017261983449224017,
352,Dhenkanal,Odisha,1192811.0,,,,,,,,352,0,0.0,
404,Dindori,Madhya Pradesh,704524.0,,,,,,,,404,0,0.0,
769,Dudu,Rajasthan,,,,,,,,,769,0,,
657,East Jaintia Hills,Meghalaya,,,,,,,,,657,0,,
748,Eluru,Andhra Pradesh,,,,366.19,488.08,835.27,1689.54,24.36,748,0,,
748,Eluru,Andhra Pradesh,,,,366.7,485.22,826.19,1678.11,23.68,748,0,,
573,Erode,Tamil Nadu,2251744.0,,,,,,,,573,0,0.0,
651,Fazilka,Punjab,,,,,,,,,651,0,,
31,Ferozepur,Punjab,,,,,,,,,31,0,,
446,Gandhinagar,Gujarat,1391753.0,,70.11494252873563,0.0,17.38,97.37,114.75,15.05,446,0,0.0,8.244997495963723e-05
328,Garhwa,Jharkhand,1322784.0,,,129.75,419.54,906.31,1455.6,41.54,328,0,0.0,0.00110040641555991
645,Gariyaband,Chhattisgarh,,,,,,,,,645,0,,
196,Gaya,Bihar,4391418.0,,109.3092485549133,0.0,134.25,488.24,622.49,63.08,196,4988,0.0011358517909249358,0.0001417514798181362
654,Gomati,Tripura,,,,,,,,,654,0,,
331,Gumla,Jharkhand,1025213.0,,,308.47,587.15,559.79,1455.41,7.75,331,0,0.0,0.001419617191744545
331,Gumla,Jharkhand,1025213.0,,,191.82,330.86,402.33,925.01,6.97,331,0,0.0,0.0009022612861912597
17,Hamirpur,Himachal Pradesh,454768.0,,,37.38,119.89,208.83,366.1,11.72,17,0,0.0,0.0008050258593392675
686,Hanumakonda,Telangana,,,,,,,,,686,0,,
408,Harda,Madhya Pradesh,570465.0,,,,,,,,408,0,0.0,
50,Haridwar,Uttarakhand,,,,,,,,,50,0,,
539,Hassan,Karnataka,1776421.0,,,147.24,785.19,572.74,1505.17,71.75,539,0,0.0,0.0008473047774148133
539,Hassan,Karnataka,1776421.0,,,147.24,785.19,572.74,1505.17,73.9,539,0,0.0,0.0008473047774148133
355,Jagatsinghapur,Odisha,1136971.0,,,,,,,,355,0,0.0,
102,Jaipur,Rajasthan,6626178.0,Jaipur,104.00273224043715,,,,,,102,3168343,0.4781554313814087,
104,Jalore,Rajasthan,,,,,,,,,104,0,,
314,Jalpaiguri,West Bengal,3872846.0,,,,,,,,314,0,0.0,
687,Jayashankar Bhupalapally,Telangana,,,,,,,,,687,0,,
105,Jhalawar,Rajasthan,1411129.0,,,,,,,,105,0,0.0,
153,Jhansi,Uttar Pradesh,1998603.0,,,,,,,,153,0,0.0,
357,Jharsuguda,Odisha,579505.0,,,,,,,,357,0,0.0,
382,Kabeerdham,Chhattisgarh,822526.0,,,,,,,,382,0,0.0,
702,Kalimpong,West Bengal,,,,,,,,,702,0,,
156,Kanpur Dehat,Uttar Pradesh,1796184.0,,,,,,,,156,0,0.0,
108,Karauli,Rajasthan,1458248.0,,,,,,,,108,0,0.0,
508,Karimnagar,Telangana,,,,,,,,,508,0,,
201,Katihar,Bihar,3071029.0,,,0.0,6.5,58.89,65.39,0.0,201,3488,0.0011357756634665448,2.129253745243044e-05
360,Kendrapara,Odisha,1440361.0,,,,,,,,360,0,0.0,
414,Khargone (West Nimar),Madhya Pradesh,1873046.0,,,,,,,,414,0,0.0,
450,Kheda,Gujarat,2299885.0,,,0.0,6.95,54.66,61.61,19.92,450,0,0.0,2.6788295936535956e-05
159,Kheri,Uttar Pradesh,4021243.0,,,,,,,,159,0,0.0,
652,Khowai,Tripura,,,,,,,,,652,0,,
606,Khunti,Jharkhand,531885.0,,,77.18,358.61,515.92,951.71,4.05,606,0,0.0,0.0017893153595232053
606,Khunti,Jharkhand,531885.0,,,80.83,447.3,690.59,1218.72,16.72,606,0,0.0,0.0022913223723173243
620,Kishtwar,Jammu And Kashmir,,,,,,,,,620,0,,
263,Kolasib,Mizoram,83955.0,,,,,,,,263,2756,0.03282710976118158,
315,Kolkata,West Bengal,4496694.0,Kolkata,111.21584699453553,,,,,,315,1024077,0.22773997963837433,
559,Kollam,Kerala,2635375.0,Kollam,86.0,,,,,,559,0,0.0,
109,Kota,Rajasthan,1951014.0,Kota,89.23249299719888,,,,,,109,898740,0.4606527682528162,
160,Kushinagar,Uttar Pradesh,3564544.0,,,,,,,,160,0,0.0,
553,Lakshadweep District,Lakshadweep,,,,,,,,,553,0,,
161,Lalitpur,Uttar Pradesh,1221592.0,,,,,,,,161,0,0.0,
335,Latehar,Jharkhand,726978.0,,,485.48,1291.23,606.49,2383.2,7.39,335,0,0.0,0.003278228502100476
335,Latehar,Jharkhand,726978.0,,,160.66,745.3,377.58,1283.54,6.31,335,0,0.0,0.0017655830025117677
234,Lohit,Arunachal Pradesh,145726.0,,,,,,,,234,0,0.0,
615,Longleng,Nagaland,50484.0,,,,,,,,615,4657,0.0922470485698439,
206,Madhubani,Bihar,4487379.0,,,0.0,42.19,189.99,232.18,0.0,206,5097,0.0011358523539019103,5.174067089051315e-05
578,Madurai,Tamil Nadu,3038252.0,Madurai,,,,,,,578,1220409,0.4016812956923915,
69,Mahendragarh,Haryana,922088.0,,,0.0,21.74,89.57,111.31,40.09,69,0,0.0,0.00012071515950755243
669,Mahisagar,Gujarat,,,,0.03,69.65,224.15,293.83,28.45,669,0,,
784,Maihar,Madhya Pradesh,,,49.443768996960486,,,,,,784,0,,
166,Mainpuri,Uttar Pradesh,1868529.0,,,,,,,,166,0,0.0,
706,Majuli,Assam,,,,0.0,3.84,30.92,34.76,1.29,706,0,,
562,Malappuram,Kerala,4112920.0,Malappuram,,,,,,,562,476784,0.1159234801552182,
316,Malda,West Bengal,,,,,,,,,316,0,,
364,Malkangiri,Odisha,613192.0,,,,,,,,364,0,0.0,
684,Mancherial,Telangana,,,,,,,,,684,0,,
168,Mau,Uttar Pradesh,2205968.0,,,,,,,,168,0,0.0,
247,Mon,Nagaland,250260.0,,,,,,,,247,23090,0.0922640453927915,
720,Mulugu,Telangana,,,,,,,,,720,0,,
207,Munger,Bihar,1367765.0,,,39.19,240.65,26.17,306.01,9.04,207,1553,0.0011354289662332344,0.0002237299536104521
545,Mysuru,Karnataka,,,45.12075471698113,121.21,573.1,348.75,1043.06,34.34,545,0,,
579,Nagapattinam,Tamil Nadu,1616450.0,,,,,,,,579,0,0.0,
484,Nagpur,Maharashtra,4653570.0,Nagpur,73.112,,,,,,484,1781502,0.38282479902526445,
51,Nainital,Uttarakhand,954605.0,,,,,,,,51,26625,0.02789111726839897,
409,Narmadapuram,Madhya Pradesh,,,,,,,,,409,0,,
487,Nashik,Maharashtra,6107187.0,Nashik,73.14242424242424,,,,,,487,839490,0.13745935731131206,
453,Navsari,Gujarat,1329672.0,,,17.07,110.9,205.65,333.62,9.41,453,0,0.0,0.00025090398233549324
714,Noney,Manipur,,,,,,,,,714,0,,
81,North East,Delhi,,,,,,,,,81,0,,
270,North Tripura,Tripura,693947.0,,,,,,,,270,11980,0.01726356623776744,
749,Ntr,Andhra Pradesh,,,,,,,,,749,0,,
563,Palakkad,Kerala,2809934.0,,,,,,,,563,0,0.0,
338,Palamu,Jharkhand,1939869.0,,,68.02,544.14,605.76,1217.92,82.92,338,0,0.0,0.0006278362095584805
665,Palghar,Maharashtra,,Vasai,,,,,,,665,236608,,
70,Panchkula,Haryana,561293.0,,89.5828402366864,5.7,147.59,236.83,390.12,20.33,70,0,0.0,0.0006950380638988906
71,Panipat,Haryana,1205437.0,,177.11044776119402,0.0,3.1,12.87,15.97,0.64,71,0,0.0,1.324830746028204e-05
743,Parvathipuram Manyam,Andhra Pradesh,,,,,,,,,743,0,,
662,Pathankot,Punjab,,,,,,,,,662,0,,
53,Pithoragarh,Uttarakhand,483439.0,,,,,,,,53,13484,0.027891833302650385,
213,Purbi Champaran,Bihar,,,,,,,,,213,0,,
369,Puri,Odisha,1698730.0,,,,,,,,369,0,0.0,
421,Raisen,Madhya Pradesh,1331597.0,,,,,,,,421,0,0.0,
518,Ranga Reddy,Telangana,,,,,,,,,518,0,,
627,Reasi,Jammu And Kashmir,,,,,,,,,627,0,,
425,Sagar,Madhya Pradesh,2378458.0,,72.25,126.91,1458.35,433.57,2018.83,10.69,425,0,0.0,0.000848797834563402
217,Samastipur,Bihar,4261566.0,,,0.0,101.81,47.43,149.24,0.0,217,4840,0.0011357327329906423,3.5019990304033775e-05
43,Sangrur,Punjab,1655169.0,,,,,,,,43,0,0.0,
608,S.A.S Nagar,Punjab,,,,,,,,,608,0,,
40,Shahid Bhagat Singh Nagar,Punjab,612310.0,,,,,,,,40,0,0.0,
182,Siddharthnagar,Uttar Pradesh,2559297.0,,,,,,,,182,0,0.0,
114,Sikar,Rajasthan,2677333.0,,,,,,,,114,0,0.0,
495,Sindhudurg,Maharashtra,849651.0,,,,,,,,495,0,0.0,
115,Sirohi,Rajasthan,1036346.0,,,,,,,,115,0,0.0,
74,Sirsa,Haryana,1295189.0,,114.41867469879519,0.0,3.54,61.04,64.58,0.15,74,0,0.0,4.986144879241562e-05
585,Sivaganga,Tamil Nadu,1339101.0,,,,,,,,585,0,0.0,
184,Sonbhadra,Uttar Pradesh,1862559.0,,,,,,,,184,0,0.0,
372,Sonepur,Odisha,,,,,,,,,372,0,,
304,South 24 Parganas,West Bengal,,,,,,,,,304,0,,
552,South Goa,Goa,640537.0,,,,,,,,552,34718,0.05420139664063122,
696,Suryapet,Telangana,,,,,,,,,696,0,,
716,Tengnoupal,Manipur,,,,,,,,,716,0,,
588,Theni,Tamil Nadu,1245899.0,,,,,,,,588,0,0.0,
590,Thiruvarur,Tamil Nadu,1264277.0,,,,,,,,590,0,0.0,
434,Tikamgarh,Madhya Pradesh,1445166.0,,,,,,,,434,0,0.0,
655,Unakoti,Tripura,,,,,,,,,655,0,,
241,Upper Subansiri,Arunachal Pradesh,83448.0,,,,,,,,241,0,0.0,
187,Varanasi,Uttar Pradesh,3676841.0,Varanasi,154.24778761061947,,,,,,187,0,0.0,
597,Virudhunagar,Tamil Nadu,1942288.0,,,,,,,,597,0,0.0,
498,Wardha,Maharashtra,1300774.0,,,,,,,,498,0,0.0,
279,West Khasi Hills,Meghalaya,383461.0,,,,,,,,279,15335,0.039991029074664695,
272,West Tripura,Tripura,1725739.0,,,,,,,,272,29793,0.017263908389391444,
504,Y.S.R.,Andhra Pradesh,2882469.0,,,,,,,,504,56484,0.01959570076902822,
667,Agar-Malwa,Madhya Pradesh,,,,,,,,,667,0,,
118,Agra,Uttar Pradesh,4418797.0,Agra,163.2155172413793,,,,,,118,1226054,0.2774633005317963,
86,Ajmer,Rajasthan,2583052.0,,89.8,,,,,,86,0,0.0,
664,Alipurduar,West Bengal,,,,,,,,,664,0,,
45,Almora,Uttarakhand,622506.0,,,,,,,,45,17362,0.027890494228168083,
58,Ambala,Haryana,1128350.0,,128.976401179941,0.0,17.31,39.36,56.67,0.09,58,0,0.0,5.022377808304161e-05
468,Amravati,Maharashtra,2888445.0,,,,,,,,468,0,0.0,
439,Amreli,Gujarat,1514190.0,,,0.12,68.51,212.11,280.74,66.04,439,0,0.0,0.0001854060586848414
1,Anantnag,Jammu And Kashmir,,,,,,,,,1,0,,
753,Annamayya,Andhra Pradesh,,,,28.51,1277.28,1050.56,2356.35,568.49,753,0,,
753,Annamayya,Andhra Pradesh,,,,28.48,1294.69,1057.85,2381.02,571.78,753,0,,
616,Baksa,Assam,950075.0,,,165.45,135.35,285.71,586.51,8.09,616,22693,0.02388548272504802,0.0006173302107728337
346,Baleshwar,Odisha,2320529.0,,,,,,,,346,0,0.0,
126,Ballia,Uttar Pradesh,3239774.0,,,,,,,,126,0,0.0,
644,Balodabazar-Bhatapara,Chhattisgarh,,,,,,,,,644,0,,
128,Banda,Uttar Pradesh,1799410.0,,,,,,,,128,0,0.0,
190,Banka,Bihar,2034763.0,,,0.09,100.62,194.81,295.52,32.45,190,2311,0.0011357588082739857,0.0001452355876335475
305,Bankura,West Bengal,3596674.0,,,,,,,,305,0,0.0,
3,Baramulla,Jammu And Kashmir,,,,,,,,,3,0,,
130,Bareilly,Uttar Pradesh,4448359.0,,,,,,,,130,0,0.0,
393,Barwani,Madhya Pradesh,1385881.0,,,,,,,,393,0,0.0,
28,Bathinda,Punjab,1388525.0,,103.65259740259741,,,,,,28,0,0.0,
191,Begusarai,Bihar,2970541.0,,,0.0,28.03,51.47,79.5,0.0,191,3374,0.0011358200408612437,2.6762801792670088e-05
527,Belagavi,Karnataka,,,,,,,,,527,0,,
192,Bhagalpur,Bihar,3037766.0,,,0.0,64.53,38.78,103.31,0.0,192,3450,0.0011357030133328243,3.400854443693162e-05
375,Bilaspur,Chhattisgarh,2663629.0,,,19.57,438.71,222.19,680.47,19.02,375,0,0.0,0.00025546725914156964
375,Bilaspur,Chhattisgarh,2663629.0,,,22.05,189.43,163.18,374.66,1.91,375,0,0.0,0.0001406577267329647
252,Bishnupur,Manipur,237399.0,,,,,,,,252,1356,0.005711902746009882,
705,Biswanath,Assam,,,,26.24,52.4,279.68,358.32,9.92,705,0,,
133,Budaun,Uttar Pradesh,3681896.0,,,,,,,,133,0,0.0,
134,Bulandshahr,Uttar Pradesh,3499171.0,,202.98290598290598,,,,,,134,0,0.0,
94,Bundi,Rajasthan,1110906.0,,,,,,,,94,0,0.0,
282,Cachar,Assam,1736617.0,,,191.71,960.9,1031.9,2184.51,12.0,282,41480,0.023885519950570564,0.001257911214735316
531,Chamarajanagara,Karnataka,,,,,,,,,531,0,,
48,Champawat,Uttarakhand,259648.0,,,,,,,,48,7242,0.02789160709884151,
708,Charaideo,Assam,,,,8.97,84.77,266.97,360.71,4.43,708,0,,
568,Chennai,Tamil Nadu,4646732.0,Chennai,68.52459016393442,,,,,,568,6351729,1.3669238940399404,
612,Chirang,Assam,482162.0,,,361.2,126.69,219.47,707.36,7.81,612,11516,0.023884088750254065,0.001467058789369548
569,Coimbatore,Tamil Nadu,3458045.0,Coimbatore,56.175438596491226,,,,,,569,2377904,0.6876440300805802,
401,Datia,Madhya Pradesh,786754.0,,,,,,,,401,0,0.0,
325,Dhanbad,Jharkhand,2684487.0,Dhanbad,,0.0,43.62,177.58,221.2,14.13,325,0,0.0,8.239935600358652e-05
325,Dhanbad,Jharkhand,2684487.0,Dhanbad,,0.0,43.3,167.19,210.49,15.57,325,0,0.0,7.840976693126098e-05
571,Dharmapuri,Tamil Nadu,1506843.0,,,,,,,,571,0,0.0,
536,Dharwad,Karnataka,1847023.0,,,0.0,223.91,158.64,382.55,3.84,536,0,0.0,0.00020711707434070936
536,Dharwad,Karnataka,1847023.0,,,0.0,290.95,185.21,476.16,9.61,536,0,0.0,0.0002577986305530576
98,Dholpur,Rajasthan,,,,,,,,,98,0,,
286,Dibrugarh,Assam,1326335.0,,,106.03,68.7,591.86,766.59,11.3,286,31680,0.023885368327006374,0.0005779761523295397
378,Durg,Chhattisgarh,3343872.0,Durg Bhilai,,0.0,3.43,22.0,25.43,1.7,378,1002690,0.2998589658934313,7.604956170571122e-06
273,East Garo Hills,Meghalaya,317917.0,,,,,,,,273,12714,0.0399915701267941,
29,Faridkot,Punjab,617508.0,,,,,,,,29,0,0.0,
30,Fatehgarh Sahib,Punjab,600163.0,,,,,,,,30,0,0.0,
354,Ganjam,Odisha,3529031.0,,,,,,,,354,0,0.0,
144,Gautam Buddha Nagar,Uttar Pradesh,1648115.0,,,,,,,,144,0,0.0,
146,Ghazipur,Uttar Pradesh,3620268.0,,,,,,,,146,0,0.0,
330,Godda,Jharkhand,1313551.0,,,13.52,275.09,141.87,430.48,13.56,330,0,0.0,0.0003277223343440795
330,Godda,Jharkhand,1313551.0,,,12.16,262.91,132.79,407.86,13.39,330,0,0.0,0.0003105018381471294
62,Gurugram,Haryana,,,166.9808743169399,0.0,31.85,81.26,113.11,20.42,62,0,,
661,Hapur,Uttar Pradesh,,,128.09470752089138,,,,,,661,0,,
163,Hathras,Uttar Pradesh,,,,,,,,,163,0,,
540,Haveri,Karnataka,1597668.0,,,0.0,145.88,212.7,358.58,94.84,540,0,0.0,0.0002244396207472391
540,Haveri,Karnataka,1597668.0,,,0.0,70.98,111.5,182.48,69.64,540,0,0.0,0.00011421647050576214
63,Hisar,Haryana,1743931.0,,162.14285714285714,0.0,10.75,47.79,58.54,6.28,63,0,0.0,3.356784184695381e-05
726,Hnahthial,Mizoram,,,,,,,,,726,0,,
507,Hyderabad,Telangana,,Hyderabad,77.99180327868852,,,,,,507,3242809,,
151,Jalaun,Uttar Pradesh,1689974.0,,,,,,,,151,0,0.0,
479,Jalna,Maharashtra,1959046.0,,,,,,,,479,0,0.0,
447,Jamnagar,Gujarat,2160119.0,,,0.0,51.62,257.35,308.97,88.57,447,0,0.0,0.0001430337865645365
380,Jashpur,Chhattisgarh,851669.0,,,228.47,1314.76,583.86,2127.09,20.38,380,0,0.0,0.002497554801219723
412,Jhabua,Madhya Pradesh,1025048.0,,,,,,,,412,0,0.0,
65,Jind,Haryana,1334152.0,,165.78484848484848,0.0,4.79,21.64,26.43,0.08,65,0,0.0,1.98103364534176e-05
713,Jiribam,Manipur,,,,,,,,,713,0,,
107,Jodhpur,Rajasthan,3687165.0,Jodhpur,137.6543909348442,,,,,,107,1267620,0.3437925886148301,
778,Jodhpur (Gramin),Rajasthan,,,,,,,,,778,0,,
290,Jorhat,Assam,1092256.0,,,13.36,110.27,474.9,598.53,11.75,290,26089,0.023885426127208273,0.0005479759323821522
449,Kachchh,Gujarat,2092371.0,,,0.04,278.38,2453.48,2731.9,958.59,449,0,0.0,0.001305647994547812
746,Kakinada,Andhra Pradesh,,,,0.02,184.33,359.78,544.13,113.0,746,0,,
746,Kakinada,Andhra Pradesh,,,,552.32,1840.81,999.29,3392.42,170.0,746,0,,
358,Kalahandi,Odisha,1576869.0,,,,,,,,358,0,0.0,
729,Kallakurichi,Tamil Nadu,,,,,,,,,729,0,,
685,Kamareddy,Telangana,,,,,,,,,685,0,,
618,Kamrup Metro,Assam,,,,,,,,,618,0,,
557,Kannur,Kerala,2523003.0,Kannur,53.522184300341294,,,,,,557,332430,0.13175965308007956,
157,Kanpur Nagar,Uttar Pradesh,4581268.0,Kanpur,,,,,,,157,1582264,0.34537686946059476,
35,Kapurthala,Punjab,815168.0,,,,,,,,35,0,0.0,
6,Kargil,Ladakh,,,,,,,,,6,0,,
576,Karur,Tamil Nadu,1064493.0,,,,,,,,576,0,0.0,
7,Kathua,Jammu And Kashmir,,,,,,,,,7,0,,
770,Khairthal-Tijara,Rajasthan,,,,,,,,,770,0,,
405,Khandwa (East Nimar),Madhya Pradesh,1310061.0,,,,,,,,405,0,0.0,
542,Kolar,Karnataka,1536401.0,,,0.0,57.63,339.55,397.18,66.88,542,0,0.0,0.0002585132397076024
542,Kolar,Karnataka,1536401.0,,,0.0,59.67,399.84,459.51,76.39,542,0,0.0,0.0002990820755779253
699,Kumuram Bheem Asifabad,Telangana,,,,,,,,,699,0,,
264,Lawngtlai,Mizoram,117894.0,,,,,,,,264,3871,0.03283458021612635,
336,Lohardaga,Jharkhand,461790.0,,,170.65,219.34,113.18,503.17,5.44,336,0,0.0,0.0010896078303990991
336,Lohardaga,Jharkhand,461790.0,,,225.99,345.49,147.3,718.78,4.78,336,0,0.0,0.0015565083696052317
235,Lower Dibang Valley,Arunachal Pradesh,54080.0,,,,,,,,235,0,0.0,
719,Lower Siang,Arunachal Pradesh,,,,,,,,,719,0,,
165,Mahoba,Uttar Pradesh,875958.0,,,,,,,,165,0,0.0,
415,Mandla,Madhya Pradesh,1054905.0,,,,,,,,415,0,0.0,
735,Mayiladuthurai,Tamil Nadu,,,,,,,,,735,0,,
513,Medak,Telangana,,,,,,,,,513,0,,
170,Mirzapur,Uttar Pradesh,2496970.0,,,,,,,,170,0,0.0,
246,Mokokchung,Nagaland,194622.0,,,,,,,,246,17956,0.0922608954794422,
171,Moradabad,Uttar Pradesh,4772006.0,,207.8,,,,,,171,0,0.0,
673,Morbi,Gujarat,,,,0.0,3.44,142.99,146.43,25.09,673,0,,
482,Mumbai,Maharashtra,3085411.0,Greater Mumbai,94.68306010928961,,,,,,482,3876165,1.256288060164432,
483,Mumbai Suburban,Maharashtra,9356962.0,,,,,,,,483,0,0.0,
694,Nagarkurnool,Telangana,,,,,,,,,694,0,,
209,Nalanda,Bihar,2877653.0,,,0.0,10.37,34.44,44.81,5.59,209,3268,0.0011356476962302265,1.5571717646290223e-05
514,Nalgonda,Telangana,,,,,,,,,514,0,,
210,Nawada,Bihar,2219146.0,,,0.0,199.53,306.77,506.3,21.47,210,2520,0.001135571972281229,0.00022815082919285166
80,North,Delhi,,,,,,,,,80,0,,
82,North West,Delhi,,,,,,,,,82,0,,
237,Papum Pare,Arunachal Pradesh,176573.0,,,,,,,,237,0,0.0,
564,Pathanamthitta,Kerala,1197412.0,,,104.97,635.14,616.37,1356.48,0.15,564,0,0.0,0.0011328431650927165
456,Porbandar,Gujarat,585449.0,,,0.0,21.56,122.29,143.85,38.74,456,0,0.0,0.0002457088491055583
120,Prayagraj,Uttar Pradesh,,Prayagraj,,,,,,,120,1506277,,
175,Rae Bareli,Uttar Pradesh,3405559.0,,,,,,,,175,0,0.0,
546,Raichur,Karnataka,1928812.0,,129.92307692307693,0.0,1.08,47.3,48.38,189.06,546,0,0.0,2.5082797079238413e-05
546,Raichur,Karnataka,1928812.0,,129.92307692307693,0.0,1.14,47.93,49.07,196.81,546,0,0.0,2.544053023311759e-05
683,Rajanna Sircilla,Telangana,,,,,,,,,683,0,,
621,Ramban,Jammu And Kashmir,,,,,,,,,621,0,,
423,Ratlam,Madhya Pradesh,1455069.0,,105.32450331125828,,,,,,423,0,0.0,
72,Rewari,Haryana,900332.0,,,0.0,11.9,49.55,61.45,9.11,72,0,0.0,6.825260015194395e-05
276,Ri Bhoi,Meghalaya,,,,,,,,,276,0,,
73,Rohtak,Haryana,1061204.0,,138.64406779661016,0.0,1.36,13.18,14.54,1.02,73,0,0.0,1.3701418388924278e-05
624,Samba,Jammu And Kashmir,,,,,,,,,624,0,,
371,Sambalpur,Odisha,1041099.0,,,,,,,,371,0,0.0,
493,Sangli,Maharashtra,2822143.0,,,,,,,,493,0,0.0,
427,Sehore,Madhya Pradesh,1311332.0,,,,,,,,427,0,0.0,
257,Senapati,Manipur,479148.0,,,,,,,,257,2737,0.005712222528321103,
780,Shahpura,Rajasthan,,,,,,,,,780,0,,
219,Sheikhpura,Bihar,636342.0,,,0.0,0.64,0.18,0.82,0.0,219,722,0.001134610005311609,1.2886152414896392e-06
679,Siang,Arunachal Pradesh,,,,,,,,,679,0,,
692,Siddipet,Telangana,,,,,,,,,692,0,,
24,Sirmaur,Himachal Pradesh,529855.0,,,,,,,,24,0,0.0,
300,Sivasagar,Assam,1151050.0,,,0.0,61.65,276.55,338.2,4.22,300,27493,0.02388514834281743,0.0002938186872855219
301,Sonitpur,Assam,1924110.0,,,83.7,201.21,435.19,720.1,9.77,301,45958,0.023885328801367907,0.000374250952388377
271,South Tripura,Tripura,876001.0,,,,,,,,271,15123,0.017263678922740954,
185,Sultanpur,Uttar Pradesh,3797117.0,,,,,,,,185,0,0.0,
373,Sundargarh,Odisha,2093437.0,,,,,,,,373,0,0.0,
459,Surat,Gujarat,6081322.0,Surat,,4.62,277.32,213.92,495.86,13.07,459,3562258,0.585770330858981,8.15381918602567e-05
460,Surendranagar,Gujarat,1756268.0,,,0.0,10.58,134.75,145.33,36.6,460,0,0.0,8.274932982893272e-05
594,Thoothukkudi,Tamil Nadu,1750176.0,,,,,,,,594,0,0.0,
566,Thrissur,Kerala,3121200.0,Thrissur,77.8076923076923,244.63,469.92,575.48,1290.03,0.0,566,0,0.0,0.0004133121876201461
752,Tirupati,Andhra Pradesh,,,55.45530726256983,6.38,888.26,1209.39,2104.03,509.69,752,0,,
752,Tirupati,Andhra Pradesh,,,55.45530726256983,1.6,816.94,1138.9,1957.44,491.56,752,0,,
249,Tuensang,Nagaland,196596.0,,,,,,,,249,18138,0.09226026979185742,
56,Udam Singh Nagar,Uttarakhand,,,,,,,,,56,0,,
14,Udhampur,Jammu And Kashmir,,,,,,,,,14,0,,
435,Ujjain,Madhya Pradesh,1986864.0,,121.47765363128492,,,,,,435,0,0.0,
186,Unnao,Uttar Pradesh,3108367.0,,,,,,,,186,0,0.0,
311,Uttar Dinajpur,West Bengal,3007134.0,,,,,,,,311,0,0.0,
595,Vellore,Tamil Nadu,3936331.0,,,,,,,,595,0,0.0,
693,Wanaparthy,Telangana,,,,,,,,,693,0,,
523,West Godavari,Andhra Pradesh,3936966.0,,,0.0,0.33,60.63,60.96,0.02,523,77147,0.019595546418231705,1.548400468787386e-05
242,West Kameng,Arunachal Pradesh,83947.0,,,,,,,,242,0,0.0,
76,Yamunanagar,Haryana,1214205.0,,154.49112426035504,21.47,86.16,81.36,188.99,0.82,76,0,0.0,0.00015564916962127484
500,Yavatmal,Maharashtra,2772348.0,,,,,,,,500,0,0.0,
466,Ahmednagar,Maharashtra,,,,,,,,,466,0,,
745,Alluri Sitharama Raju,Andhra Pradesh,,,,1183.18,3781.97,1952.17,6917.32,726.83,745,0,,
154,Amroha,Uttar Pradesh,,,,,,,,,154,0,,
744,Anakapalli,Andhra Pradesh,,,,0.0,155.02,551.29,706.31,257.93,744,0,,
744,Anakapalli,Andhra Pradesh,,,,0.0,229.31,611.89,841.2,268.22,744,0,,
628,Anjaw,Arunachal Pradesh,21167.0,,,,,,,,628,0,0.0,
776,Anupgarh,Rajasthan,,,,,,,,,776,0,,
122,Auraiya,Uttar Pradesh,1379545.0,,,,,,,,122,0,0.0,
140,Ayodhya,Uttar Pradesh,,,,,,,,,140,0,,
739,Bajali,Assam,,,,,,,,,739,0,,
345,Balangir,Odisha,1648997.0,,,,,,,,345,0,0.0,
129,Bara Banki,Uttar Pradesh,3260699.0,,,,,,,,129,0,0.0,
690,Bhadradri Kothagudem,Telangana,,,,,,,,,690,0,,
91,Bharatpur,Rajasthan,2548462.0,,,,,,,,91,0,0.0,
193,Bhojpur,Bihar,2728407.0,,,0.0,19.23,12.34,31.57,0.53,193,3099,0.0011358276092972932,1.1570854348343191e-05
93,Bikaner,Rajasthan,2363937.0,,,,,,,,93,0,0.0,
307,Birbhum,West Bengal,3502404.0,,,,,,,,307,0,0.0,
701,Charki Dadri,Haryana,,,,,,,,,701,0,,
630,Chikkaballapura,Karnataka,1255104.0,,,,,,,,630,0,0.0,
503,Chittoor,Andhra Pradesh,4174064.0,,,0.0,457.98,788.33,1246.31,625.25,503,81793,0.0195955308782999,0.00029858430536762253
503,Chittoor,Andhra Pradesh,4174064.0,,,0.0,471.07,805.36,1276.43,627.07,503,81793,0.0195955308782999,0.0003058002943893529
376,Dakshin Bastar Dantewada,Chhattisgarh,533638.0,,,,,,,,376,0,0.0,
283,Darrang,Assam,928500.0,,,0.0,14.43,99.48,113.91,2.28,283,22177,0.023884760366182013,0.0001226817447495961
49,Dehradun,Uttarakhand,1696694.0,,,,,,,,49,47324,0.02789188857861229,
351,Deogarh,Odisha,,,,,,,,,351,0,,
284,Dhemaji,Assam,686133.0,,,53.67,88.36,152.0,294.03,6.83,284,16388,0.023884582143695172,0.0004285320776001154
285,Dhubri,Assam,1949258.0,,,1.45,14.73,72.31,88.49,3.4,285,46559,0.0238854989950022,4.5396761229144624e-05
230,Dibang Valley,Arunachal Pradesh,8004.0,,,,,,,,230,0,0.0,
768,Didwana-Kuchaman,Rajasthan,,,,,,,,,768,0,,
244,Dimapur,Nagaland,378811.0,,,,,,,,244,34951,0.0922650081439029,
572,Dindigul,Tamil Nadu,2159775.0,,,,,,,,572,0,0.0,
464,Diu,The Dadra And Nagar Haveli And Daman And Diu,,,,,,,,,464,0,,
4,Doda,Jammu And Kashmir,,,,,,,,,4,0,,
99,Dungarpur,Rajasthan,1388552.0,,,,,,,,99,0,0.0,
232,East Siang,Arunachal Pradesh,99214.0,,,,,,,,232,0,0.0,
555,Ernakulam,Kerala,3282388.0,,89.7876447876448,,,,,,555,0,0.0,
138,Etah,Uttar Pradesh,1774480.0,,,,,,,,138,0,0.0,
141,Farrukhabad,Uttar Pradesh,1885204.0,,,,,,,,141,0,0.0,
61,Fatehabad,Haryana,942011.0,,154.54577464788733,0.0,2.96,18.35,21.31,1.07,61,0,0.0,2.2621816518066135e-05
142,Fatehpur,Uttar Pradesh,2632733.0,,,,,,,,142,0,0.0,
537,Gadag,Karnataka,1064570.0,,,0.0,0.58,140.59,141.17,119.04,537,0,0.0,0.00013260753167945743
537,Gadag,Karnataka,1064570.0,,,0.0,0.59,140.69,141.28,129.98,537,0,0.0,0.00013271085978376246
771,Gangapurcity,Rajasthan,,,,,,,,,771,0,,
225,Gangtok,Sikkim,,,,,,,,,225,0,,
145,Ghaziabad,Uttar Pradesh,4681645.0,Ghaziabad,203.36885245901638,,,,,,145,0,0.0,
147,Gonda,Uttar Pradesh,3433919.0,,,,,,,,147,0,0.0,
197,Gopalganj,Bihar,2562012.0,,,0.0,4.68,6.62,11.3,0.0,197,2910,0.001135826061704629,4.410596047169178e-06
32,Gurdaspur,Punjab,2298323.0,,,,,,,,32,0,0.0,
407,Gwalior,Madhya Pradesh,2032036.0,Gwalior,144.3765060240964,,,,,,407,0,0.0,
289,Hailakandi,Assam,659296.0,,,17.25,364.08,391.85,773.18,0.88,289,15747,0.02388456778139106,0.0011727357666359267
101,Hanumangarh,Rajasthan,1774692.0,,,,,,,,101,0,0.0,
150,Hardoi,Uttar Pradesh,4092845.0,,,,,,,,150,0,0.0,
332,Hazaribagh,Jharkhand,1734495.0,,,233.2,467.06,941.28,1641.54,21.62,332,0,0.0,0.0009464080323091159
477,Hingoli,Maharashtra,1177345.0,,,,,,,,477,0,0.0,
681,Jagitial,Telangana,,,,,,,,,681,0,,
356,Jajapur,Odisha,1827192.0,,,,,,,,356,0,0.0,
333,Jamtara,Jharkhand,791042.0,,,0.0,20.28,87.21,107.49,4.0,333,0,0.0,0.00013588406178180172
333,Jamtara,Jharkhand,791042.0,,,0.0,20.11,85.27,105.38,4.63,333,0,0.0,0.00013321669393028435
198,Jamui,Bihar,1760405.0,,,27.78,352.66,290.4,670.84,14.79,198,1999,0.0011355341526523726,0.00038107140118325044
379,Janjgir-Champa,Chhattisgarh,,,,,,,,,379,0,,
199,Jehanabad,Bihar,1125313.0,,,0.0,0.06,6.04,6.1,3.07,199,1278,0.001135684027466136,5.420714059110665e-06
703,Jhargram,West Bengal,,,,,,,,,703,0,,
200,Kaimur (Bhabua),Bihar,1626384.0,,,0.0,526.0,499.68,1025.68,38.5,200,1847,0.0011356481618117246,0.0006306505720666215
574,Kancheepuram,Tamil Nadu,3998252.0,,,,,,,,574,0,0.0,
359,Kandhamal,Odisha,733110.0,,,,,,,,359,0,0.0,
18,Kangra,Himachal Pradesh,1510075.0,,,,,,,,18,0,0.0,
155,Kannauj,Uttar Pradesh,1656616.0,,,,,,,,155,0,0.0,
67,Karnal,Haryana,1505324.0,,128.35168195718654,0.0,4.16,28.79,32.95,0.67,67,0,0.0,2.1888975396658795e-05
633,Kasganj,Uttar Pradesh,,,,,,,,,633,0,,
413,Katni,Madhya Pradesh,1292042.0,,134.34916201117318,,,,,,413,0,0.0,
202,Khagaria,Bihar,1666886.0,,,0.0,2.81,14.81,17.62,0.0,202,1893,0.001135650548387832,1.0570608907867725e-05
19,Kinnaur,Himachal Pradesh,84121.0,,,61.21,281.09,207.12,549.42,53.6,19,0,0.0,0.0065313060947920255
614,Kiphire,Nagaland,74004.0,,,,,,,,614,6827,0.09225177017458516,
203,Kishanganj,Bihar,1690400.0,,,0.0,12.28,82.99,95.27,0.0,203,1920,0.001135825840037861,5.635944155229531e-05
334,Koderma,Jharkhand,,,,53.49,270.87,212.98,537.34,6.42,334,0,,
543,Koppal,Karnataka,1389920.0,,96.16666666666667,0.0,0.47,36.41,36.88,167.24,543,0,0.0,2.6533901231725568e-05
543,Koppal,Karnataka,1389920.0,,96.16666666666667,0.0,0.53,37.32,37.85,189.27,543,0,0.0,2.723178312420859e-05
782,Kotputli-Behror,Rajasthan,,,,,,,,,782,0,,
560,Kottayam,Kerala,1974551.0,,,73.71,406.62,863.44,1343.77,0.85,560,0,0.0,0.0006805445896307566
561,Kozhikode,Kerala,3086293.0,Kozhikoda,48.214765100671144,,,,,,561,0,0.0,
510,Krishna,Andhra Pradesh,4517398.0,,,0.0,50.25,124.35,174.6,3.45,510,88521,0.01959557249549409,3.8650568313883344e-05
510,Krishna,Andhra Pradesh,4517398.0,,,0.0,5.46,92.82,98.28,3.56,510,88521,0.01959557249549409,2.1755886906577637e-05
622,Kulgam,Jammu And Kashmir,,,,,,,,,622,0,,
8,Kupwara,Jammu And Kashmir,,,,,,,,,8,0,,
511,Kurnool,Andhra Pradesh,4053463.0,,,0.0,0.75,70.73,71.48,145.21,511,79430,0.019595590239753023,1.7634304297337857e-05
511,Kurnool,Andhra Pradesh,4053463.0,,,0.0,0.93,77.7,78.63,154.3,511,79430,0.019595590239753023,1.9398228132340174e-05
204,Lakhisarai,Bihar,1000912.0,,,16.16,126.61,26.77,169.54,4.18,204,1136,0.0011349649120002557,0.00016938552040539028
481,Latur,Maharashtra,2454196.0,,,,,,,,481,0,0.0,
265,Lunglei,Mizoram,161428.0,,,,,,,,265,5300,0.03283197462645886,
688,Mahabubabad,Telangana,,,,,,,,,688,0,,
451,Mahesana,Gujarat,2035064.0,,,0.0,12.96,168.66,181.62,22.15,451,0,0.0,8.924535051477496e-05
164,Mahrajganj,Uttar Pradesh,2684703.0,,,,,,,,164,0,0.0,
266,Mamit,Mizoram,86364.0,,,,,,,,266,2835,0.03282617757398916,
22,Mandi,Himachal Pradesh,999777.0,,,46.3,132.0,148.43,326.73,3.25,22,0,0.0,0.0003268028770415803
760,Manendragarh-Chirmiri-Bharatpur(M C B),Chhattisgarh,,,,,,,,,760,0,,
365,Mayurbhanj,Odisha,2519738.0,,,,,,,,365,0,0.0,
700,Medchal Malkajgiri,Telangana,,,,,,,,,700,0,,
417,Morena,Madhya Pradesh,1965970.0,,,,,,,,417,0,0.0,
319,Murshidabad,West Bengal,7103807.0,,,,,,,,319,0,0.0,
366,Nabarangpur,Odisha,,,,,,,,,366,0,,
320,Nadia,West Bengal,5167600.0,,,,,,,,320,0,0.0,
485,Nanded,Maharashtra,3361292.0,,,,,,,,485,0,0.0,
486,Nandurbar,Maharashtra,1648295.0,,,,,,,,486,0,0.0,
721,Narayanpet,Telangana,,,,,,,,,721,0,,
418,Narsimhapur,Madhya Pradesh,1091854.0,,,,,,,,418,0,0.0,
419,Neemuch,Madhya Pradesh,826067.0,,,,,,,,419,0,0.0,
603,Nicobars,Andaman And Nicobar Islands,,,,,,,,,603,0,,
680,Nirmal,Telangana,,,,,,,,,680,0,,
722,Niwari,Madhya Pradesh,,,,,,,,,722,0,,
516,Nizamabad,Telangana,,,,,,,,,516,0,,
736,Noklak,Nagaland,,,,,,,,,736,0,,
551,North Goa,Goa,818008.0,,,,,,,,551,44338,0.05420240388847053,
723,Pakke Kessang,Arunachal Pradesh,,,,,,,,,723,0,,
337,Pakur,Jharkhand,900422.0,,,2.83,168.77,114.53,286.13,21.87,337,0,0.0,0.0003177732218892919
337,Pakur,Jharkhand,900422.0,,,2.84,176.82,117.88,297.54,22.06,337,0,0.0,0.0003304450579839231
785,Pandhurna,Madhya Pradesh,,,,,,,,,785,0,,
489,Parbhani,Maharashtra,1836086.0,,,,,,,,489,0,0.0,
704,Paschim Bardhaman,West Bengal,,,,,,,,,704,0,,
318,Paschim Medinipur,West Bengal,5913457.0,,,,,,,,318,0,0.0,
41,Patiala,Punjab,1895686.0,,91.96153846153847,,,,,,41,0,0.0,
212,Patna,Bihar,5838465.0,Patna,142.98907103825135,0.0,19.9,8.47,28.37,0.09,212,6632,0.00113591500505698,4.859153904322455e-06
682,Peddapalli,Telangana,,,,,,,,,682,0,,
10,Poonch,Jammu And Kashmir,,,,,,,,,10,0,,
174,Pratapgarh,Uttar Pradesh,3209141.0,,,,,,,,174,0,0.0,
600,Puducherry,Puducherry,950289.0,,,,,,,,600,0,0.0,
11,Pulwama,Jammu And Kashmir,,,,,,,,,11,0,,
490,Pune,Maharashtra,9429408.0,Pune,85.4416403785489,,,,,,490,3198829,0.33923964261595213,
491,Raigad,Maharashtra,,,,,,,,,491,0,,
386,Raigarh,Chhattisgarh,1493984.0,,,309.08,1512.32,796.5,2617.9,26.75,386,0,0.0,0.0017522945359521923
387,Raipur,Chhattisgarh,4063872.0,Raipur,,0.0,11.39,35.32,46.71,7.03,387,1632014,0.4015908965636713,1.1493964376830767e-05
422,Rajgarh,Madhya Pradesh,1545814.0,,,23.87,196.33,160.25,380.45,19.03,422,0,0.0,0.0002461162856592061
12,Rajouri,Jammu And Kashmir,,,,,,,,,12,0,,
54,Rudra Prayag,Uttarakhand,,,,,,,,,54,0,,
458,Sabar Kantha,Gujarat,2428589.0,,,,,,,,458,0,0.0,
177,Saharanpur,Uttar Pradesh,3466382.0,,,,,,,,177,0,0.0,
727,Saitual,Mizoram,,,,,,,,,727,0,,
584,Salem,Tamil Nadu,3482056.0,Salem,,,,,,,584,1637357,0.4702270727409324,
777,Salumbar,Rajasthan,,,,,,,,,777,0,,
659,Sambhal,Uttar Pradesh,,,,,,,,,659,0,,
691,Sangareddy,Telangana,,,,,,,,,691,0,,
218,Saran,Bihar,3951862.0,,,0.0,25.53,37.26,62.79,0.0,218,4489,0.0011359202320323938,1.588871271314636e-05
763,Sarangarh-Bilaigarh,Chhattisgarh,,,,,,,,,763,0,,
426,Satna,Madhya Pradesh,2228935.0,,72.98816568047337,,,,,,426,0,0.0,
671,Shahdara,Delhi,,,,0.0,0.25,0.65,0.9,0.0,671,0,,
765,Shamator,Nagaland,,,,,,,,,765,0,,
660,Shamli,Uttar Pradesh,,,,,,,,,660,0,,
23,Shimla,Himachal Pradesh,814010.0,,,35.8,160.19,144.97,340.96,8.15,23,0,0.0,0.0004188646331126153
547,Shivamogga,Karnataka,,,73.36363636363636,,,,,,547,0,,
725,Shi Yomi,Arunachal Pradesh,,,,,,,,,725,0,,
267,Siaha,Mizoram,,,,,,,,,267,0,,
221,Sitamarhi,Bihar,3423574.0,,,0.0,37.81,114.09,151.9,0.0,221,3888,0.0011356553122555551,4.4368837945375216e-05
75,Sonipat,Haryana,1450001.0,,151.38484848484848,0.0,2.66,19.98,22.64,0.84,75,0,0.0,1.561378233532253e-05
602,South Andamans,Andaman And Nicobar Islands,,,,,,,,,602,0,,
277,South Garo Hills,Meghalaya,142334.0,,,,,,,,277,5692,0.039990445009625245,
658,South West Khasi Hills,Meghalaya,,,,,,,,,658,0,,
39,Sri Muktsar Sahib,Punjab,,,,,,,,,39,0,,
13,Srinagar,Jammu And Kashmir,,Srinagar,,,,,,,13,337400,,
515,Sri Potti Sriramulu Nellore,Andhra Pradesh,2963557.0,,,,,,,,515,58072,0.01959537137298186,
754,Sri Sathya Sai,Andhra Pradesh,,,,0.0,187.17,568.6,755.77,550.33,754,0,,
754,Sri Sathya Sai,Andhra Pradesh,,,,0.0,186.68,571.24,757.92,552.36,754,0,,
641,Tapi,Gujarat,807022.0,,,77.28,431.39,208.77,717.44,5.57,641,0,0.0,0.00088899683032185
589,Thiruvallur,Tamil Nadu,3728104.0,,,,,,,,589,0,0.0,
259,Thoubal,Manipur,422168.0,,,,,,,,259,2412,0.0057133652953326635,
592,Tirunelveli,Tamil Nadu,3077233.0,,,,,,,,592,0,0.0,
757,Tseminyu,Nagaland,,,,,,,,,757,0,,
548,Tumakuru,Karnataka,,,,0.0,73.43,1347.47,1420.9,399.5,548,0,,
436,Umaria,Madhya Pradesh,644758.0,,,,,,,,436,0,0.0,
461,Vadodara,Gujarat,4165626.0,Vadodara,,0.0,19.7,131.32,151.02,19.38,461,2440109,0.5857724625302415,3.625385476276555e-05
224,Vaishali,Bihar,3495021.0,,,0.0,88.3,30.63,118.93,0.0,224,3970,0.0011359016154695494,3.4028407840754034e-05
224,Vaishali,Bihar,3495021.0,,,0.0,88.09,30.45,118.54,0.0,224,3970,0.0011359016154695494,3.391682052840312e-05
462,Valsad,Gujarat,1705678.0,,,0.0,323.96,577.76,901.72,20.94,462,0,0.0,0.0005286578123186205
596,Viluppuram,Tamil Nadu,3458873.0,,,,,,,,596,0,0.0,
520,Visakhapatnam,Andhra Pradesh,4290589.0,Visakhapatnam,95.5210843373494,0.0,99.03,173.42,272.45,4.21,520,84077,0.019595677889445946,6.349944028663664e-05
520,Visakhapatnam,Andhra Pradesh,4290589.0,Visakhapatnam,95.5210843373494,0.0,112.76,202.49,315.25,5.08,520,84077,0.019595677889445946,7.347476069136429e-05
521,Vizianagaram,Andhra Pradesh,2344474.0,,,0.0,43.38,370.44,413.82,90.64,521,45941,0.019595440171228173,0.00017650867529347733
521,Vizianagaram,Andhra Pradesh,2344474.0,,,0.0,34.69,341.51,376.2,77.29,521,45941,0.019595440171228173,0.0001604624320849794
85,West,Delhi,,,,,,,,,85,0,,
440,Anand,Gujarat,2092745.0,,,0.0,8.49,47.52,56.01,1.77,440,0,0.0,2.6763891444012528e-05
502,Ananthapuramu,Andhra Pradesh,,,,0.0,22.55,222.9,245.45,551.84,502,0,,
344,Anugul,Odisha,1273821.0,,,,,,,,344,0,0.0,
390,Anuppur,Madhya Pradesh,749237.0,,,,,,,,390,0,0.0,
188,Araria,Bihar,2811569.0,,,0.0,7.87,138.77,146.64,0.4,188,3193,0.0011356648191810338,5.215593143899367e-05
610,Ariyalur,Tamil Nadu,754894.0,,,,,,,,610,0,0.0,
391,Ashoknagar,Madhya Pradesh,845071.0,,,,,,,,391,0,0.0,
124,Baghpat,Uttar Pradesh,1303048.0,,206.13297872340425,,,,,,124,0,0.0,
392,Balaghat,Madhya Pradesh,1701698.0,,,,,,,,392,0,0.0,
775,Balotra,Rajasthan,,,,,,,,,775,0,,
441,Banas Kantha,Gujarat,3120506.0,,,,,,,,441,0,0.0,
88,Banswara,Rajasthan,1797485.0,,,,,,,,88,0,0.0,
89,Baran,Rajasthan,1222755.0,,,,,,,,89,0,0.0,
347,Bargarh,Odisha,1481255.0,,,,,,,,347,0,0.0,
131,Basti,Uttar Pradesh,2464464.0,,,,,,,,131,0,0.0,
774,Beawar,Rajasthan,,,,,,,,,774,0,,
526,Bengaluru Rural,Karnataka,,,,0.0,22.92,121.0,143.92,12.25,526,0,,
442,Bharuch,Gujarat,1551019.0,,,0.0,51.27,247.71,298.98,17.83,442,0,0.0,0.00019276359606168591
396,Bhopal,Madhya Pradesh,2371061.0,Bhopal,108.51453488372093,,,,,,396,1574139,0.6638964581678835,
349,Boudh,Odisha,,,,,,,,,349,0,,
472,Buldhana,Maharashtra,,,,,,,,,472,0,,
397,Burhanpur,Madhya Pradesh,757847.0,,,,,,,,397,0,0.0,
229,Changlang,Arunachal Pradesh,148226.0,,,,,,,,229,0,0.0,
323,Chatra,Jharkhand,1042886.0,,,254.32,838.17,706.9,1799.39,34.45,323,0,0.0,0.0017253947219542693
532,Chikkamagaluru,Karnataka,,,50.456204379562045,,,,,,532,0,,
533,Chitradurga,Karnataka,1659456.0,,,0.0,47.29,570.9,618.19,578.94,533,0,0.0,0.00037252569516757304
533,Chitradurga,Karnataka,1659456.0,,,0.0,45.49,553.65,599.14,556.75,533,0,0.0,0.0003610460295422114
95,Chittorgarh,Rajasthan,,,,,,,,,95,0,,
758,Chumoukedima,Nagaland,,,,,,,,,758,0,,
96,Churu,Rajasthan,2039547.0,,,,,,,,96,0,0.0,
308,Cooch Behar,West Bengal,,,,,,,,,308,0,,
465,Dadra And Nagar Haveli,The Dadra And Nagar Haveli And Daman And Diu,,,,,,,,,465,0,,
324,Deoghar,Jharkhand,1492073.0,,,0.03,13.18,192.45,205.66,13.94,324,0,0.0,0.0001378350791147618
324,Deoghar,Jharkhand,1492073.0,,,0.0,13.73,190.19,203.92,12.56,324,0,0.0,0.00013666891633318208
674,Devbhumi Dwarka,Gujarat,,,,,,,,,674,0,,
377,Dhamtari,Chhattisgarh,799781.0,,,101.06,1332.73,427.28,1861.07,11.13,377,0,0.0,0.002326974509271913
299,Dima Hasao,Assam,214102.0,,,,,,,,299,5113,0.023881140764682254,
326,Dumka,Jharkhand,1321442.0,,,0.02,252.54,336.28,588.84,31.0,326,0,0.0,0.00044560412034731756
326,Dumka,Jharkhand,1321442.0,,,0.02,253.61,329.33,582.96,34.82,326,0,0.0,0.00044115443583600343
78,East,Delhi,,,,,,,,,78,0,,
740,Eastern West Khasi Hills,Meghalaya,,,,,,,,,740,0,,
505,East Godavari,Andhra Pradesh,5154296.0,,,0.0,116.8,286.37,403.17,6.37,505,101002,0.019595692602830728,7.822018758720881e-05
505,East Godavari,Andhra Pradesh,5154296.0,,,0.0,119.04,290.71,409.75,6.42,505,101002,0.019595692602830728,7.94967925784627e-05
274,East Khasi Hills,Meghalaya,825922.0,,,,,,,,274,33030,0.03999166991556103,
327,East Singhbum,Jharkhand,,,,,,,,,327,0,,
475,Gadchiroli,Maharashtra,1072942.0,,,,,,,,475,0,0.0,
353,Gajapati,Odisha,577817.0,,,,,,,,353,0,0.0,
626,Ganderbal,Jammu And Kashmir,,,,,,,,,626,0,,
734,Gaurela-Pendra-Marwahi,Chhattisgarh,,,,,,,,,734,0,,
329,Giridih,Jharkhand,2445474.0,,,77.2,333.39,489.61,900.2,31.07,329,0,0.0,0.0003681085957160044
675,Gir Somnath,Gujarat,,,,0.01,35.47,227.35,262.83,19.85,675,0,,
287,Goalpara,Assam,1008183.0,,,14.8,144.88,275.18,434.86,1.94,287,24081,0.023885544588631232,0.000431330423147385
476,Gondia,Maharashtra,,,,,,,,,476,0,,
506,Guntur,Andhra Pradesh,4887813.0,,,0.0,0.06,13.28,13.34,9.62,506,95780,0.01959567602115711,2.729236981856712e-06
506,Guntur,Andhra Pradesh,4887813.0,,,0.0,2.3,34.63,36.93,14.34,506,95780,0.01959567602115711,7.55552636731397e-06
709,Hojai,Assam,,,,,,,,,709,0,,
312,Hooghly,West Bengal,,,,,,,,,312,0,,
33,Hoshiarpur,Punjab,1586625.0,,,,,,,,33,0,0.0,
313,Howrah,West Bengal,,,118.6775956284153,,,,,,313,0,,
256,Imphal West,Manipur,517992.0,,,,,,,,256,2959,0.005712443435419852,
411,Jabalpur,Madhya Pradesh,2463289.0,Jabalpur,109.54341736694678,,,,,,411,0,0.0,
34,Jalandhar,Punjab,2193590.0,,100.3956043956044,,,,,,34,0,0.0,
478,Jalgaon,Maharashtra,4229917.0,,,,,,,,478,0,0.0,
5,Jammu,Jammu And Kashmir,,,,,,,,,5,0,,
106,Jhunjhunu,Rajasthan,,,,,,,,,106,0,,
695,Jogulamba Gadwal,Telangana,,,,,,,,,695,0,,
711,Kakching,Manipur,,,,,,,,,711,0,,
538,Kalaburagi,Karnataka,,,85.27962085308057,0.0,91.83,104.04,195.87,39.39,538,0,,
717,Kamjong,Manipur,,,,,,,,,717,0,,
291,Kamrup,Assam,1517542.0,,,50.83,446.14,485.8,982.77,5.2,291,36247,0.023885335628272563,0.0006476064583385501
712,Kangpokpi,Manipur,,,,,,,,,712,0,,
292,Karbi Anglong,Assam,956313.0,,,,,,,,292,22842,0.02388548519156385,
558,Kasaragod,Kerala,1307375.0,,,,,,,,558,0,0.0,
509,Khammam,Telangana,,,,,,,,,509,0,,
728,Khawzawl,Mizoram,,,,,,,,,728,0,,
362,Khordha,Odisha,2251673.0,,,,,,,,362,0,0.0,
541,Kodagu,Karnataka,554519.0,,,,,,,,541,0,0.0,
363,Koraput,Odisha,1379647.0,,,,,,,,363,0,0.0,
383,Korba,Chhattisgarh,1206640.0,,,265.48,2243.79,887.04,3396.31,88.95,383,0,0.0,0.002814683749917125
384,Korea,Chhattisgarh,,,,88.94,2571.52,1447.58,4108.04,59.34,384,0,,
677,Kra Daadi,Arunachal Pradesh,,,,,,,,,677,0,,
577,Krishnagiri,Tamil Nadu,1879809.0,,,,,,,,577,0,0.0,
68,Kurukshetra,Haryana,964655.0,,136.68067226890756,0.0,19.94,26.09,46.03,1.69,68,0,0.0,4.771654114683488e-05
21,Lahaul And Spiti,Himachal Pradesh,,,,,,,,,21,0,,
295,Lakhimpur,Assam,1042137.0,,,40.44,116.05,269.56,426.05,2.49,295,24892,0.023885535203145077,0.0004088234080547951
724,Leparada,Arunachal Pradesh,,,,,,,,,724,0,,
666,Longding,Arunachal Pradesh,,,,,,,,,666,0,,
236,Lower Subansiri,Arunachal Pradesh,83030.0,,,,,,,,236,0,0.0,
36,Ludhiana,Punjab,3498739.0,,96.61559888579387,,,,,,36,0,0.0,
512,Mahabubnagar,Telangana,,,,,,,,,512,0,,
385,Mahasamund,Chhattisgarh,1032754.0,,,3.75,513.31,429.85,946.91,28.5,385,0,0.0,0.0009168785596569948
599,Mahe,Puducherry,41816.0,,,,,,,,599,0,0.0,
416,Mandsaur,Madhya Pradesh,1340411.0,,,,,,,,416,0,0.0,
544,Mandya,Karnataka,1805769.0,,,0.01,109.64,432.04,541.69,105.46,544,0,0.0,0.00029997746112598016
544,Mandya,Karnataka,1805769.0,,,0.01,91.49,389.87,481.37,92.48,544,0,0.0,0.00026657340999873183
766,MAUGANJ,Madhya Pradesh,,,,,,,,,766,0,,
761,Mohla-Manpur-Ambagarh Chouki,Chhattisgarh,,,,,,,,,761,0,,
297,Nagaon,Assam,2823768.0,,,,,,,,297,67447,0.023885460845225245,
298,Nalbari,Assam,771639.0,,,0.0,31.05,82.69,113.74,0.02,298,18431,0.023885521597534598,0.00014740053315086458
580,Namakkal,Tamil Nadu,1726601.0,,,,,,,,580,0,0.0,
678,Namsai,Arunachal Pradesh,,,,,,,,,678,0,,
755,Nandyal,Andhra Pradesh,,,,86.01,1506.01,506.74,2098.76,536.45,755,0,,
755,Nandyal,Andhra Pradesh,,,,46.42,797.1,266.14,1109.66,442.63,755,0,,
773,Neem Ka Thana,Rajasthan,,,,,,,,,773,0,,
79,New Delhi,Delhi,,Delhi,,2.71,13.84,32.09,48.64,0.47,79,11892877,,
368,Nuapada,Odisha,610382.0,,,,,,,,368,0,0.0,
454,Panch Mahals,Gujarat,2390776.0,,,,,,,,454,0,0.0,
211,Pashchim Champaran,Bihar,3935042.0,,,,,,,,211,4469,0.0011356930879009679,
455,Patan,Gujarat,1343734.0,,,0.0,11.62,100.95,112.57,41.94,455,0,0.0,8.37740207511308e-05
581,Perambalur,Tamil Nadu,565223.0,,,,,,,,581,0,0.0,
613,Peren,Nagaland,95219.0,,,,,,,,613,8785,0.0922609983301652,
248,Phek,Nagaland,163418.0,,,,,,,,248,15077,0.09226033851840067,
715,Pherzawl,Manipur,,,,,,,,,715,0,,
517,Prakasam,Andhra Pradesh,3397448.0,,,256.87,1780.29,1213.77,3250.93,1139.54,517,66575,0.019595590572688677,0.000956874100795656
517,Prakasam,Andhra Pradesh,3397448.0,,,0.0,369.13,438.76,807.89,574.3,517,66575,0.019595590572688677,0.00023779319065369065
629,Pratapgarh,Rajasthan,867848.0,,,,,,,,629,0,0.0,
582,Pudukkottai,Tamil Nadu,1618345.0,,,,,,,,582,0,0.0,
317,Purba Medinipur,West Bengal,5095875.0,,,,,,,,317,0,0.0,
214,Purnia,Bihar,3264619.0,,,0.0,5.34,55.34,60.68,0.0,214,3708,0.0011358140107620522,1.8587161319590434e-05
321,Purulia,West Bengal,,,,,,,,,321,0,,
388,Rajnandgaon,Chhattisgarh,1537133.0,,,41.59,1747.65,751.71,2540.95,47.14,388,0,0.0,0.0016530449869985224
112,Rajsamand,Rajasthan,1156597.0,,,,,,,,112,0,0.0,
583,Ramanathapuram,Tamil Nadu,1353445.0,,,,,,,,583,0,0.0,
339,Ranchi,Jharkhand,2914253.0,Ranchi,,63.57,349.76,727.13,1140.46,21.52,339,2061114,0.7072529392609358,0.00039133870669430553
339,Ranchi,Jharkhand,2914253.0,Ranchi,,57.2,258.41,544.16,859.77,13.14,339,2061114,0.7072529392609358,0.0002950224294184479
492,Ratnagiri,Maharashtra,1615069.0,,,,,,,,492,0,0.0,
370,Rayagada,Odisha,967911.0,,,,,,,,370,0,0.0,
216,Saharsa,Bihar,1900661.0,,,0.0,3.98,31.85,35.83,0.0,216,2159,0.0011359206086724565,1.8851336456106587e-05
340,Sahebganj,Jharkhand,,,,,,,,,340,0,,
762,Sakti,Chhattisgarh,,,,,,,,,762,0,,
178,Sant Kabir Nagar,Uttar Pradesh,1715183.0,,,,,,,,178,0,0.0,
341,Saraikela Kharsawan,Jharkhand,,,,,,,,,341,0,,
113,Sawai Madhopur,Rajasthan,1335551.0,,,,,,,,113,0,0.0,
653,Sepahijala,Tripura,,,,,,,,,653,0,,
268,Serchhip,Mizoram,64937.0,,,,,,,,268,2132,0.032831821611715974,
429,Shahdol,Madhya Pradesh,1066063.0,,,,,,,,429,0,0.0,
220,Sheohar,Bihar,656246.0,,,0.0,2.21,28.22,30.43,0.0,220,745,0.001135245014826757,4.636980644453452e-05
181,Shrawasti,Uttar Pradesh,1117361.0,,,,,,,,181,0,0.0,
342,Simdega,Jharkhand,599578.0,,,22.37,342.69,881.45,1246.51,17.57,342,0,0.0,0.0020789788818135423
342,Simdega,Jharkhand,599578.0,,,22.03,337.17,877.95,1237.15,17.57,342,0,0.0,0.0020633679020911374
222,Siwan,Bihar,3330464.0,,,0.0,2.51,6.9,9.41,0.0,222,3783,0.0011358777635788887,2.8254321319792076e-06
25,Solan,Himachal Pradesh,580320.0,,,0.4,108.64,155.91,264.95,29.05,25,0,0.0,0.0004565584505100634
670,South East,Delhi,,,,,,,,,670,0,,
84,South West,Delhi,,,,,,,,,84,0,,
648,Surajpur,Chhattisgarh,,,,182.38,1484.38,860.93,2527.69,24.62,648,0,,
389,Surguja,Chhattisgarh,2359886.0,,,87.34,907.29,435.45,1430.08,24.73,389,0,0.0,0.0006059953743528289
258,Tamenglong,Manipur,140651.0,,,,,,,,258,803,0.005709166660741836,
609,Tarn Taran,Punjab,1119627.0,,,,,,,,609,0,0.0,
238,Tawang,Arunachal Pradesh,49977.0,,,,,,,,238,0,0.0,
733,Tenkasi,Tamil Nadu,,,,,,,,,733,0,,
586,Thanjavur,Tamil Nadu,2405890.0,,,,,,,,586,0,0.0,
587,The Nilgiris,Tamil Nadu,735394.0,,,,,,,,587,0,0.0,
302,Tinsukia,Assam,1327929.0,,,405.45,341.23,832.08,1578.76,21.52,302,31718,0.023885313145507025,0.0011888888637871453
239,Tirap,Arunachal Pradesh,111975.0,,,,,,,,239,0,0.0,
732,Tirupathur,Tamil Nadu,,,,,,,,,732,0,,
116,Tonk,Rajasthan,1421326.0,,,,,,,,116,0,0.0,
549,Udupi,Karnataka,1177361.0,,,232.84,1385.61,661.2,2279.65,0.0,549,0,0.0,0.0019362370589819096
260,Ukhrul,Manipur,183998.0,,,,,,,,260,1051,0.005712018608897923,
26,Una,Himachal Pradesh,521173.0,,,19.15,312.21,307.71,639.07,14.71,26,0,0.0,0.0012262147118135439
381,Uttar Bastar Kanker,Chhattisgarh,748941.0,,,,,,,,381,0,0.0,
437,Vidisha,Madhya Pradesh,1458875.0,,,,,,,,437,0,0.0,
738,Vijayanagar,Karnataka,,,,,,,,,738,0,,
530,Vijayapura,Karnataka,,,68.2489270386266,0.0,0.68,25.45,26.13,7.81,530,0,,
698,Vikarabad,Telangana,,,,,,,,,698,0,,
499,Washim,Maharashtra,1197160.0,,,,,,,,499,0,0.0,
710,West Karbi Anglong,Assam,,,,,,,,,710,0,,
250,Wokha,Nagaland,166343.0,,,,,,,,250,15347,0.09226117119445965,
501,Adilabad,Telangana,,,,,,,,,501,0,,
438,Ahmedabad,Gujarat,,Ahmedabad,117.9306358381503,0.0,9.0,106.2,115.2,28.37,438,4571193,,
261,Aizawl,Mizoram,400309.0,,29.257894736842104,,,,,,261,13145,0.03283713331451454,
467,Akola,Maharashtra,1813906.0,,,,,,,,467,0,0.0,
119,Aligarh,Uttar Pradesh,3673889.0,,,,,,,,119,0,0.0,
639,Alirajpur,Madhya Pradesh,728999.0,,,,,,,,639,0,0.0,
87,Alwar,Rajasthan,3674179.0,,81.55932203389831,,,,,,87,0,0.0,
640,Amethi,Uttar Pradesh,,,,,,,,,640,0,,
123,Azamgarh,Uttar Pradesh,4613913.0,,,,,,,,123,0,0.0,
524,Bagalkote,Karnataka,,,,0.0,19.25,246.53,265.78,434.49,524,0,,
46,Bageshwar,Uttarakhand,259898.0,,,,,,,,46,7249,0.027891711363688832,
528,Ballari,Karnataka,,,,0.0,109.1,618.52,727.62,477.91,528,0,,
750,Bapatla,Andhra Pradesh,,,,0.0,41.28,72.58,113.86,29.03,750,0,,
750,Bapatla,Andhra Pradesh,,,,0.0,12.42,45.51,57.93,29.0,750,0,,
90,Barmer,Rajasthan,2603751.0,,,,,,,,90,0,0.0,
605,Barnala,Punjab,595527.0,,,,,,,,605,0,0.0,
280,Barpeta,Assam,1693622.0,,,0.0,34.18,85.4,119.58,0.7,280,40453,0.0238854951104792,7.060607384646633e-05
374,Bastar,Chhattisgarh,1413199.0,,,604.45,841.72,653.74,2099.91,43.7,374,0,0.0,0.0014859266104773636
394,Betul,Madhya Pradesh,1575362.0,,,,,,,,394,0,0.0,
348,Bhadrak,Odisha,1506337.0,,,,,,,,348,0,0.0,
443,Bhavnagar,Gujarat,2880365.0,,,0.0,46.87,256.12,302.99,82.68,443,0,0.0,0.00010519152954573466
92,Bhilwara,Rajasthan,2408523.0,,,,,,,,92,0,0.0,
59,Bhiwani,Haryana,1634445.0,,135.33660130718954,0.0,4.08,58.53,62.61,7.15,59,0,0.0,3.8306581133045164e-05
529,Bidar,Karnataka,1703300.0,,,0.0,21.81,79.81,101.62,47.41,529,0,0.0,5.96606587213057e-05
529,Bidar,Karnataka,1703300.0,,,0.0,21.82,86.06,107.88,52.43,529,0,0.0,6.333587741443081e-05
132,Bijnor,Uttar Pradesh,3682713.0,,,,,,,,132,0,0.0,
15,Bilaspur,Himachal Pradesh,381956.0,,,19.57,438.71,222.19,680.47,19.02,15,0,0.0,0.0017815402821267372
15,Bilaspur,Himachal Pradesh,381956.0,,,22.05,189.43,163.18,374.66,1.91,15,0,0.0,0.0009808983233670894
322,Bokaro,Jharkhand,2062330.0,,,59.04,231.4,281.97,572.41,29.09,322,0,0.0,0.00027755499847260137
322,Bokaro,Jharkhand,2062330.0,,,42.01,195.35,250.61,487.97,27.29,322,0,0.0,0.000236611017635393
281,Bongaigaon,Assam,738804.0,,,0.0,58.36,178.32,236.68,1.15,281,17646,0.02388454854061429,0.0003203556017563522
2,Budgam,Jammu And Kashmir,,,,,,,,,2,0,,
194,Buxar,Bihar,1706352.0,,,0.0,3.04,2.97,6.01,0.0,194,1938,0.0011357562800641367,3.522133768413551e-06
77,Central,Delhi,,,,,,,,,77,0,,
16,Chamba,Himachal Pradesh,519080.0,,,372.98,281.15,133.43,787.56,0.87,16,0,0.0,0.0015172227787624258
262,Champhai,Mizoram,125745.0,,,,,,,,262,4129,0.03283629567776055,
44,Chandigarh,Chandigarh,1055450.0,Chandigarh,75.0521978021978,,,,,,44,14348,0.013594201525415699,
730,Chengalpattu,Tamil Nadu,,,,,,,,,730,0,,
469,Chhatrapati Sambhajinagar,Maharashtra,,,,,,,,,469,0,,
399,Chhindwara,Madhya Pradesh,2090922.0,,,,,,,,399,0,0.0,
136,Chitrakoot,Uttar Pradesh,991730.0,,,,,,,,136,0,0.0,
254,Churachandpur,Manipur,274143.0,,,,,,,,254,1566,0.005712347205655443,
570,Cuddalore,Tamil Nadu,2605914.0,,,,,,,,570,0,0.0,
350,Cuttack,Odisha,2624470.0,,,,,,,,350,0,0.0,
534,Dakshina Kannada,Karnataka,2089649.0,,,,,,,,534,0,0.0,
463,Daman,The Dadra And Nagar Haveli And Daman And Diu,,,,,,,,,463,0,,
195,Darbhanga,Bihar,3937385.0,,,0.0,44.17,100.06,144.23,0.0,195,4472,0.0011357792037100765,3.663091112502333e-05
97,Dausa,Rajasthan,1634409.0,,,,,,,,97,0,0.0,
767,Deeg,Rajasthan,,,,,,,,,767,0,,
137,Deoria,Uttar Pradesh,3100946.0,,,,,,,,137,0,0.0,
402,Dewas,Madhya Pradesh,1563715.0,,100.68450704225351,,,,,,402,0,0.0,
403,Dhar,Madhya Pradesh,2185793.0,,,,,,,,403,0,0.0,
488,Dharashiv,Maharashtra,,,,,,,,,488,0,,
474,Dhule,Maharashtra,2050862.0,,,,,,,,474,0,0.0,
747,Dr. B.R. Ambedkar Konaseema,Andhra Pradesh,,,,,,,,,747,0,,
231,East Kameng,Arunachal Pradesh,78690.0,,,,,,,,231,0,0.0,
139,Etawah,Uttar Pradesh,1581810.0,,,,,,,,139,0,0.0,
60,Faridabad,Haryana,1809733.0,Faridabad,188.71309192200556,0.0,25.98,52.45,78.43,20.2,60,8599668,4.751898760756421,4.333788464928252e-05
143,Firozabad,Uttar Pradesh,2498156.0,,,,,,,,143,0,0.0,
100,Ganganagar,Rajasthan,1969168.0,,,,,,,,100,0,0.0,
288,Golaghat,Assam,1066888.0,,,23.39,117.97,519.34,660.7,12.81,288,25483,0.023885356288570123,0.0006192777498669026
148,Gorakhpur,Uttar Pradesh,4440895.0,,,,,,,,148,0,0.0,
406,Guna,Madhya Pradesh,1241519.0,,,,,,,,406,0,0.0,
228,Gyalshing,Sikkim,,,,,,,,,228,0,,
149,Hamirpur,Uttar Pradesh,1104285.0,,,37.38,119.89,208.83,366.1,11.72,149,0,0.0,0.00033152673449335997
556,Idukki,Kerala,1108974.0,,,,,,,,556,0,0.0,
255,Imphal East,Manipur,456113.0,,,,,,,,255,2606,0.0057134964361901545,
410,Indore,Madhya Pradesh,3276697.0,Indore,102.98607242339833,,,,,,410,2431657,0.7421061514079574,
783,Jaipur (Gramin),Rajasthan,,,,,,,,,783,0,,
103,Jaisalmer,Rajasthan,669919.0,,,,,,,,103,0,0.0,
689,Jangoan,Telangana,,,,,,,,,689,0,,
152,Jaunpur,Uttar Pradesh,4494204.0,,,,,,,,152,0,0.0,
64,Jhajjar,Haryana,958405.0,,,0.0,0.23,25.33,25.56,6.43,64,0,0.0,2.666930994725612e-05
448,Junagadh,Gujarat,2743082.0,,,61.92,881.83,582.78,1526.53,71.85,448,0,0.0,0.0005565017742816292
66,Kaithal,Haryana,1074304.0,,121.49162011173185,0.0,21.51,32.81,54.32,0.95,66,0,0.0,5.0562969140950794e-05
718,Kamle,Arunachal Pradesh,,,,,,,,,718,0,,
575,Kanniyakumari,Tamil Nadu,1870374.0,,,,,,,,575,0,0.0,
598,Karaikal,Puducherry,200222.0,,,,,,,,598,0,0.0,
293,Karimganj,Assam,1228686.0,,,3.33,292.83,544.79,840.95,1.33,293,29348,0.023885679498260745,0.0006844303589362946
158,Kaushambi,Uttar Pradesh,1599596.0,,,,,,,,158,0,0.0,
781,Kekri,Rajasthan,,,,,,,,,781,0,,
361,Kendujhar,Odisha,1801733.0,,,,,,,,361,0,0.0,
759,Khairagarh-Chhuikhadan-Gandai,Chhattisgarh,,,,,,,,,759,0,,
245,Kohima,Nagaland,267988.0,,64.76146788990826,,,,,,245,24725,0.09226159380270758,
294,Kokrajhar,Assam,887142.0,,,545.76,206.96,389.97,1142.69,5.0,294,21190,0.023885691354935287,0.0012880576052086362
480,Kolhapur,Maharashtra,3876001.0,,,,,,,,480,0,0.0,
643,Kondagaon,Chhattisgarh,,,,326.2,1258.34,580.96,2165.5,7.35,643,0,,
20,Kullu,Himachal Pradesh,437903.0,,,108.61,243.88,146.91,499.4,4.04,20,0,0.0,0.0011404352105374934
233,Kurung Kumey,Arunachal Pradesh,92076.0,,,,,,,,233,0,0.0,
9,Leh Ladakh,Ladakh,,,,,,,,,9,0,,
162,Lucknow,Uttar Pradesh,4589838.0,Lucknow,171.94262295081967,,,,,,162,2617830,0.5703534634555729,
205,Madhepura,Bihar,2001762.0,,,0.0,1.38,58.63,60.01,0.0,205,2273,0.0011354996248305242,2.997858886321151e-05
737,Malerkotla,Punjab,,,,,,,,,737,0,,
226,Mangan,Sikkim,,,,,,,,,226,0,,
37,Mansa,Punjab,769751.0,,,,,,,,37,0,0.0,
296,Marigaon,Assam,,,,,,,,,296,0,,
167,Mathura,Uttar Pradesh,2547184.0,,,,,,,,167,0,0.0,
169,Meerut,Uttar Pradesh,3443689.0,Meerut,173.58677685950414,,,,,,169,0,0.0,
38,Moga,Punjab,995746.0,,,,,,,,38,0,0.0,
647,Mungeli,Chhattisgarh,,,,374.68,585.74,78.1,1038.52,5.38,647,0,,
172,Muzaffarnagar,Uttar Pradesh,4143512.0,,157.815625,,,,,,172,0,0.0,
208,Muzaffarpur,Bihar,4801062.0,,157.18051575931233,0.0,53.48,122.28,175.76,0.0,208,5453,0.00113579037304663,3.660856702121322e-05
110,Nagaur,Rajasthan,3307743.0,,,,,,,,110,0,0.0,
227,Namchi,Sikkim,,,,,,,,,227,0,,
637,Narayanpur,Chhattisgarh,139820.0,,,952.91,1409.3,819.75,3181.96,12.72,637,0,0.0,0.022757545415534257
452,Narmada,Gujarat,590297.0,,,19.74,417.48,416.96,854.18,23.0,452,0,0.0,0.001447034289518666
367,Nayagarh,Odisha,962789.0,,,,,,,,367,0,0.0,
764,Niuland,Nagaland,,,,,,,,,764,0,,
303,North 24 Parganas,West Bengal,,,,,,,,,303,0,,
632,North And Middle Andaman,Andaman And Nicobar Islands,,,,,,,,,632,0,,
656,North Garo Hills,Meghalaya,,,,,,,,,656,0,,
604,Nuh,Haryana,,,,,,,,,604,0,,
741,Pakyong,Sikkim,,,,,,,,,741,0,,
111,Pali,Rajasthan,2037573.0,,99.11666666666666,,,,,,111,0,0.0,
751,Palnadu,Andhra Pradesh,,,,0.99,247.18,521.37,769.54,447.82,751,0,,
751,Palnadu,Andhra Pradesh,,,,0.96,221.77,431.42,654.15,357.4,751,0,,
619,Palwal,Haryana,1042708.0,,131.92079207920793,0.0,2.43,11.39,13.82,0.2,619,0,0.0,1.3253950290973121e-05
420,Panna,Madhya Pradesh,1016520.0,,,,,,,,420,0,0.0,
52,Pauri Garhwal,Uttarakhand,,,,,,,,,52,0,,
772,Phalodi,Rajasthan,,,,,,,,,772,0,,
173,Pilibhit,Uttar Pradesh,2031007.0,,,,,,,,173,0,0.0,
306,Purba Bardhaman,West Bengal,,,,,,,,,306,0,,
457,Rajkot,Gujarat,3804558.0,Rajkot,,0.0,1.02,59.05,60.07,21.96,457,2258704,0.5936836815209546,1.5788956299259993e-05
631,Ramanagara,Karnataka,1082636.0,,48.76875,0.0,196.15,494.5,690.65,170.11,631,0,0.0,0.0006379337099449861
607,Ramgarh,Jharkhand,949443.0,,,31.18,113.29,197.09,341.56,15.2,607,0,0.0,0.0003597477679018119
607,Ramgarh,Jharkhand,949443.0,,,35.87,124.98,250.84,411.69,16.46,607,0,0.0,0.00043361212837421517
176,Rampur,Uttar Pradesh,2335819.0,,,160.87,157.56,71.89,390.32,3.7,176,0,0.0,0.0001671019886386745
731,Ranipet,Tamil Nadu,,,,,,,,,731,0,,
424,Rewa,Madhya Pradesh,2365106.0,,,,,,,,424,0,0.0,
215,Rohtas,Bihar,2959918.0,,,0.0,350.25,317.81,668.06,43.42,215,3362,0.0011358422767117197,0.0002257021985068505
42,Rupnagar,Punjab,684627.0,,103.22183098591549,,,,,,42,0,0.0,
779,Sanchore,Rajasthan,,,,,,,,,779,0,,
494,Satara,Maharashtra,3003741.0,,,,,,,,494,0,0.0,
428,Seoni,Madhya Pradesh,1379131.0,,,,,,,,428,0,0.0,
180,Shahjahanpur,Uttar Pradesh,3006538.0,,,,,,,,180,0,0.0,
430,Shajapur,Madhya Pradesh,1512681.0,,,,,,,,430,0,0.0,
431,Sheopur,Madhya Pradesh,687861.0,,,,,,,,431,0,0.0,
432,Shivpuri,Madhya Pradesh,1726050.0,,,,,,,,432,0,0.0,
625,Shopian,Jammu And Kashmir,,,,,,,,,625,0,,
433,Sidhi,Madhya Pradesh,1127033.0,,,,,,,,433,0,0.0,
638,Singrauli,Madhya Pradesh,1178273.0,,158.2046783625731,,,,,,638,0,0.0,
183,Sitapur,Uttar Pradesh,4483992.0,,,,,,,,183,0,0.0,
496,Solapur,Maharashtra,4317756.0,,82.63565891472868,,,,,,496,0,0.0,
742,Soreng,Sikkim,,,,,,,,,742,0,,
83,South,Delhi,,,,,,,,,83,0,,
707,South Salmara Mancachar,Assam,,,,,,,,,707,0,,
663,South West Garo Hills,Meghalaya,,,,,,,,,663,0,,
519,Srikakulam,Andhra Pradesh,2703114.0,,,0.0,77.54,500.36,577.9,315.61,519,52969,0.019595547949513042,0.00021379046536698044
519,Srikakulam,Andhra Pradesh,2703114.0,,,0.0,81.16,504.06,585.22,318.41,519,52969,0.019595547949513042,0.0002164984532653821
642,Sukma,Chhattisgarh,,,,215.52,1689.31,1345.38,3250.21,27.09,642,0,,
223,Supaul,Bihar,2229076.0,,,0.0,4.26,138.2,142.46,0.0,223,2532,0.0011358966674981023,6.390988911997617e-05
756,Tamulpur,Assam,,,,,,,,,756,0,,
55,Tehri Garhwal,Uttarakhand,618931.0,,,,,,,,55,17263,0.027891638971064624,
497,Thane,Maharashtra,11060148.0,Vashi N.Mumbai,94.91558441558442,,,,,,497,483672,0.04373106038002385,
565,Thiruvananthapuram,Kerala,3301427.0,Thiruvananthapuram,54.94505494505494,,,,,,565,972523,0.29457655734929167,
591,Tiruchirappalli,Tamil Nadu,2722290.0,Trichy,,,,,,,591,898889,0.3301959012449078,
634,Tiruppur,Tamil Nadu,2479052.0,,,,,,,,634,0,0.0,
593,Tiruvannamalai,Tamil Nadu,2464875.0,,,,,,,,593,0,0.0,
117,Udaipur,Rajasthan,3068420.0,,84.86797752808988,,,,,,117,0,0.0,
617,Udalguri,Assam,831668.0,,,7.47,78.69,325.69,411.85,5.85,617,19864,0.023884530846443534,0.0004952096269184339
240,Upper Siang,Arunachal Pradesh,35320.0,,,,,,,,240,0,0.0,
550,Uttara Kannada,Karnataka,1437169.0,,,,,,,,550,0,0.0,
57,Uttar Kashi,Uttarakhand,,,,,,,,,57,0,,
522,Warangal,Telangana,,,,,,,,,522,0,,
567,Wayanad,Kerala,817420.0,,,,,,,,567,0,0.0,
278,West Garo Hills,Meghalaya,643291.0,,,,,,,,278,25726,0.039991232583698515,
275,West Jaintia Hills,Meghalaya,,,,,,,,,275,0,,
243,West Siang,Arunachal Pradesh,112274.0,,,,,,,,243,0,0.0,
343,West Singhbhum,Jharkhand,,,,467.43,1348.49,1561.77,3377.69,34.34,343,0,,
697,Yadadri Bhuvanagiri,Telangana,,,,,,,,,697,0,,
635,Yadgir,Karnataka,1174271.0,,69.73913043478261,0.0,17.26,129.21,146.47,131.95,635,0,0.0,0.00012473270650471653
635,Yadgir,Karnataka,1174271.0,,69.73913043478261,0.0,17.99,142.99,160.98,136.31,635,0,0.0,0.0001370893090266216
601,Yanam,Puducherry,55626.0,,,,,,,,601,0,0.0,
251,Zunheboto,Nagaland,140757.0,,,,,,,,251,12986,0.09225828910817935,
